2026-07-13 14:34:34,409 | INFO     | gate_system      | Запуск gate_system (backend реле: stub)
2026-07-13 14:34:34,416 | INFO     | gate_system      | Компоненты ядра собраны: whitelist, history, gate, guard
2026-07-13 15:21:45,404 | INFO     | gate_system      | Запуск gate_system (backend реле: stub)
2026-07-13 15:21:45,410 | INFO     | gate_system      | Компоненты ядра собраны: whitelist, history, gate, guard
2026-07-15 20:35:37,957 | INFO     | gate_system.main | Запуск gate_system (реле=stub, telegram=вкл)
2026-07-15 20:35:48,608 | INFO     | gate_system.detector | Загрузка модели транспорта: models/yolov8n.pt
2026-07-15 20:35:59,648 | WARNING  | matplotlib.font_manager | Matplotlib is building the font cache; this may take a moment.
2026-07-15 20:36:01,745 | INFO     | matplotlib.font_manager | Failed to extract font properties from /System/Library/Fonts/LastResort.otf: tuple indices must be integers or slices, not str
2026-07-15 20:36:01,780 | INFO     | matplotlib.font_manager | Failed to extract font properties from /System/Library/Fonts/Apple Color Emoji.ttc: Non-scalable fonts are not supported
2026-07-15 20:36:01,805 | INFO     | matplotlib.font_manager | Failed to extract font properties from /System/Library/PrivateFrameworks/FontServices.framework/Resources/Reserved/PingFangUI.ttc: FT_Open_Face (ft2font.cpp line 200) failed with error 0x02: unknown file format
2026-07-15 20:36:01,859 | INFO     | matplotlib.font_manager | Failed to extract font properties from /System/Library/Fonts/Supplemental/NISC18030.ttf: Non-scalable fonts are not supported
2026-07-15 20:36:01,910 | INFO     | matplotlib.font_manager | generated new fontManager
2026-07-15 20:36:07,064 | INFO     | gate_system.detector | Загрузка модели номеров: models/plate.pt
2026-07-15 20:36:07,897 | CRITICAL | root             | Необработанное исключение
Traceback (most recent call last):
  File "/Users/artemfarniev2013/WebstormProjects/untitled20/gate_system/main.py", line 224, in <module>
    main()
    ~~~~^^
  File "/Users/artemfarniev2013/WebstormProjects/untitled20/gate_system/main.py", line 218, in main
    app = build_app(cfg)
  File "/Users/artemfarniev2013/WebstormProjects/untitled20/gate_system/main.py", line 148, in build_app
    detector = YoloDetector(cfg.detection.model_path, cfg.detection.plate_model_path,
                            cfg.detection.vehicle_conf, cfg.detection.plate_conf)
  File "/Users/artemfarniev2013/WebstormProjects/untitled20/gate_system/detector.py", line 91, in __init__
    self._plate_model = model_loader(plate_model_path)
                        ~~~~~~~~~~~~^^^^^^^^^^^^^^^^^^
  File "/Users/artemfarniev2013/WebstormProjects/untitled20/gate_system/detector.py", line 34, in _default_loader
    return YOLO(path)
  File "/Users/artemfarniev2013/WebstormProjects/untitled20/gate_system/.venv/lib/python3.13/site-packages/ultralytics/models/yolo/model.py", line 23, in __init__
    super().__init__(model=model, task=task, verbose=verbose)
    ~~~~~~~~~~~~~~~~^^^^^^^^^^^^^^^^^^^^^^^^^^^^^^^^^^^^^^^^^
  File "/Users/artemfarniev2013/WebstormProjects/untitled20/gate_system/.venv/lib/python3.13/site-packages/ultralytics/engine/model.py", line 145, in __init__
    self._load(model, task=task)
    ~~~~~~~~~~^^^^^^^^^^^^^^^^^^
  File "/Users/artemfarniev2013/WebstormProjects/untitled20/gate_system/.venv/lib/python3.13/site-packages/ultralytics/engine/model.py", line 285, in _load
    self.model, self.ckpt = attempt_load_one_weight(weights)
                            ~~~~~~~~~~~~~~~~~~~~~~~^^^^^^^^^
  File "/Users/artemfarniev2013/WebstormProjects/untitled20/gate_system/.venv/lib/python3.13/site-packages/ultralytics/nn/tasks.py", line 906, in attempt_load_one_weight
    ckpt, weight = torch_safe_load(weight)  # load ckpt
                   ~~~~~~~~~~~~~~~^^^^^^^^
  File "/Users/artemfarniev2013/WebstormProjects/untitled20/gate_system/.venv/lib/python3.13/site-packages/ultralytics/nn/tasks.py", line 833, in torch_safe_load
    ckpt = torch.load(file, map_location="cpu")
  File "/Users/artemfarniev2013/WebstormProjects/untitled20/gate_system/.venv/lib/python3.13/site-packages/ultralytics/utils/patches.py", line 86, in torch_load
    return _torch_load(*args, **kwargs)
  File "/Users/artemfarniev2013/WebstormProjects/untitled20/gate_system/.venv/lib/python3.13/site-packages/torch/serialization.py", line 1561, in load
    with _open_file_like(f, "rb") as opened_file:
         ~~~~~~~~~~~~~~~^^^^^^^^^
  File "/Users/artemfarniev2013/WebstormProjects/untitled20/gate_system/.venv/lib/python3.13/site-packages/torch/serialization.py", line 795, in _open_file_like
    return _open_file(name_or_buffer, mode)
  File "/Users/artemfarniev2013/WebstormProjects/untitled20/gate_system/.venv/lib/python3.13/site-packages/torch/serialization.py", line 776, in __init__
    super().__init__(open(name, mode))  # noqa: SIM115
                     ~~~~^^^^^^^^^^^^
FileNotFoundError: [Errno 2] No such file or directory: 'models/plate.pt'
2026-07-15 20:38:46,252 | INFO     | gate_system.main | Запуск gate_system (реле=stub, telegram=вкл)
2026-07-15 20:38:46,478 | INFO     | gate_system.detector | Загрузка модели транспорта: models/yolov8n.pt
2026-07-15 20:38:47,484 | INFO     | gate_system.detector | Модель номеров не задана — распознаю по области автомобиля
2026-07-15 20:38:47,484 | INFO     | gate_system.ocr  | Инициализация EasyOCR (языки=['en', 'ru'], gpu=False)
2026-07-15 20:38:53,829 | WARNING  | easyocr.easyocr  | Using CPU. Note: This module is much faster with a GPU.
2026-07-15 20:38:53,833 | WARNING  | easyocr.easyocr  | Downloading detection model, please wait. This may take several minutes depending upon your network connection.
2026-07-15 20:38:59,300 | INFO     | easyocr.easyocr  | Download complete
2026-07-15 20:38:59,301 | WARNING  | easyocr.easyocr  | Downloading recognition model, please wait. This may take several minutes depending upon your network connection.
2026-07-15 20:39:01,678 | INFO     | easyocr.easyocr  | Download complete.
2026-07-15 20:39:03,243 | INFO     | gate_system.main | Сервис 'vision' запущен
2026-07-15 20:39:03,243 | INFO     | gate_system.main | Сервис 'network' запущен
2026-07-15 20:39:03,244 | INFO     | gate_system.main | Сервис 'diagnostics' запущен
2026-07-15 20:39:03,244 | INFO     | gate_system.main | Сервис 'watchdog' запущен
2026-07-15 20:39:03,244 | INFO     | gate_system.network | NetworkMonitor запущен (интервал 10 с)
2026-07-15 20:39:03,244 | INFO     | gate_system.main | Сервис 'telegram' запущен
2026-07-15 20:39:03,244 | INFO     | gate_system.main | Запущены сервисы: vision, network, diagnostics, watchdog, telegram
2026-07-15 20:39:03,244 | INFO     | gate_system.diagnostics | Самодиагностика запущена (интервал 60 с)
2026-07-15 20:39:03,244 | INFO     | gate_system.watchdog | Watchdog запущен (таймаут 120 с)
2026-07-15 20:39:03,245 | WARNING  | gate_system.diagnostics | Диагностика: камера не отвечает
2026-07-15 20:39:03,245 | INFO     | gate_system.network | Интернет доступен
2026-07-15 20:39:03,273 | WARNING  | gate_system.camera | Не удалось открыть источник: rtsp://10.92.84.237:8554/live
2026-07-15 20:39:03,273 | INFO     | gate_system.pipeline | Пайплайн распознавания запущен
2026-07-15 20:39:03,273 | WARNING  | gate_system.pipeline | Кадр не получен — переподключение к камере
2026-07-15 20:39:03,273 | WARNING  | gate_system.camera | Переподключение к камере через 1.0 с: rtsp://10.92.84.237:8554/live
2026-07-15 20:39:03,347 | INFO     | gate_system.telegram | Telegram-бот запущен
2026-07-15 20:39:03,347 | ERROR    | gate_system.main | Сервис 'telegram' аварийно завершился
Traceback (most recent call last):
  File "/Users/artemfarniev2013/WebstormProjects/untitled20/gate_system/.venv/lib/python3.13/site-packages/telegram/ext/_application.py", line 1079, in __run
    loop.run_until_complete(self.initialize())
    ~~~~~~~~~~~~~~~~~~~~~~~^^^^^^^^^^^^^^^^^^^
  File "/opt/homebrew/Cellar/python@3.13/3.13.3/Frameworks/Python.framework/Versions/3.13/lib/python3.13/asyncio/base_events.py", line 695, in run_until_complete
    self._check_running()
    ~~~~~~~~~~~~~~~~~~~^^
  File "/opt/homebrew/Cellar/python@3.13/3.13.3/Frameworks/Python.framework/Versions/3.13/lib/python3.13/asyncio/base_events.py", line 631, in _check_running
    raise RuntimeError('This event loop is already running')
RuntimeError: This event loop is already running

During handling of the above exception, another exception occurred:

Traceback (most recent call last):
  File "/Users/artemfarniev2013/WebstormProjects/untitled20/gate_system/main.py", line 72, in _run_service
    svc.run_forever()
    ~~~~~~~~~~~~~~~^^
  File "/Users/artemfarniev2013/WebstormProjects/untitled20/gate_system/main.py", line 40, in run_forever
    asyncio.run(self._notifier.run())
    ~~~~~~~~~~~^^^^^^^^^^^^^^^^^^^^^^
  File "/opt/homebrew/Cellar/python@3.13/3.13.3/Frameworks/Python.framework/Versions/3.13/lib/python3.13/asyncio/runners.py", line 195, in run
    return runner.run(main)
           ~~~~~~~~~~^^^^^^
  File "/opt/homebrew/Cellar/python@3.13/3.13.3/Frameworks/Python.framework/Versions/3.13/lib/python3.13/asyncio/runners.py", line 118, in run
    return self._loop.run_until_complete(task)
           ~~~~~~~~~~~~~~~~~~~~~~~~~~~~~^^^^^^
  File "/opt/homebrew/Cellar/python@3.13/3.13.3/Frameworks/Python.framework/Versions/3.13/lib/python3.13/asyncio/base_events.py", line 719, in run_until_complete
    return future.result()
           ~~~~~~~~~~~~~^^
  File "/Users/artemfarniev2013/WebstormProjects/untitled20/gate_system/telegram_bot.py", line 455, in run
    await app.run_polling(close_loop=False, stop_signals=None)
          ~~~~~~~~~~~~~~~^^^^^^^^^^^^^^^^^^^^^^^^^^^^^^^^^^^^^
  File "/Users/artemfarniev2013/WebstormProjects/untitled20/gate_system/.venv/lib/python3.13/site-packages/telegram/ext/_application.py", line 881, in run_polling
    return self.__run(
           ~~~~~~~~~~^
        updater_coroutine=self.updater.start_polling(
        ^^^^^^^^^^^^^^^^^^^^^^^^^^^^^^^^^^^^^^^^^^^^^
    ...<12 lines>...
        stop_signals=stop_signals,
        ^^^^^^^^^^^^^^^^^^^^^^^^^^
    )
    ^
  File "/Users/artemfarniev2013/WebstormProjects/untitled20/gate_system/.venv/lib/python3.13/site-packages/telegram/ext/_application.py", line 1104, in __run
    loop.run_until_complete(self.shutdown())
    ~~~~~~~~~~~~~~~~~~~~~~~^^^^^^^^^^^^^^^^^
  File "/opt/homebrew/Cellar/python@3.13/3.13.3/Frameworks/Python.framework/Versions/3.13/lib/python3.13/asyncio/base_events.py", line 695, in run_until_complete
    self._check_running()
    ~~~~~~~~~~~~~~~~~~~^^
  File "/opt/homebrew/Cellar/python@3.13/3.13.3/Frameworks/Python.framework/Versions/3.13/lib/python3.13/asyncio/base_events.py", line 631, in _check_running
    raise RuntimeError('This event loop is already running')
RuntimeError: This event loop is already running
2026-07-15 20:39:03,350 | INFO     | gate_system.main | Сервис 'telegram' остановлен
2026-07-15 20:39:03,350 | ERROR    | gate_system.main | Сервис 'telegram' завершился неожиданно — останов приложения
2026-07-15 20:39:03,350 | INFO     | gate_system.network | NetworkMonitor остановлен
2026-07-15 20:39:03,350 | INFO     | gate_system.watchdog | Watchdog остановлен
2026-07-15 20:39:03,350 | INFO     | gate_system.diagnostics | Самодиагностика остановлена
2026-07-15 20:39:03,350 | INFO     | gate_system.main | Сервис 'network' остановлен
2026-07-15 20:39:03,350 | INFO     | gate_system.main | Сервис 'watchdog' остановлен
2026-07-15 20:39:03,350 | INFO     | gate_system.main | Сервис 'diagnostics' остановлен
2026-07-15 20:39:04,307 | WARNING  | gate_system.camera | Не удалось открыть источник: rtsp://10.92.84.237:8554/live
2026-07-15 20:39:04,307 | INFO     | gate_system.camera | Камера закрыта
2026-07-15 20:39:04,307 | INFO     | gate_system.pipeline | Пайплайн распознавания остановлен
2026-07-15 20:39:04,308 | INFO     | gate_system.main | Сервис 'vision' остановлен
2026-07-15 20:39:04,308 | INFO     | gate_system.main | Все сервисы остановлены
2026-07-15 20:39:04,308 | INFO     | gate_system.main | gate_system остановлен
2026-07-15 20:43:33,893 | INFO     | gate_system.main | Запуск gate_system (реле=stub, telegram=вкл)
2026-07-15 20:43:34,058 | INFO     | gate_system.detector | Загрузка модели транспорта: models/yolov8n.pt
2026-07-15 20:43:35,049 | INFO     | gate_system.detector | Модель номеров не задана — распознаю по области автомобиля
2026-07-15 20:43:35,049 | INFO     | gate_system.ocr  | Инициализация EasyOCR (языки=['en', 'ru'], gpu=False)
2026-07-15 20:43:35,799 | WARNING  | easyocr.easyocr  | Using CPU. Note: This module is much faster with a GPU.
2026-07-15 20:43:37,519 | INFO     | gate_system.main | Сервис 'vision' запущен
2026-07-15 20:43:37,519 | INFO     | gate_system.main | Сервис 'network' запущен
2026-07-15 20:43:37,520 | INFO     | gate_system.main | Сервис 'diagnostics' запущен
2026-07-15 20:43:37,520 | INFO     | gate_system.network | NetworkMonitor запущен (интервал 10 с)
2026-07-15 20:43:37,520 | INFO     | gate_system.main | Сервис 'watchdog' запущен
2026-07-15 20:43:37,520 | INFO     | gate_system.diagnostics | Самодиагностика запущена (интервал 60 с)
2026-07-15 20:43:37,520 | INFO     | gate_system.main | Сервис 'telegram' запущен
2026-07-15 20:43:37,520 | INFO     | gate_system.main | Запущены сервисы: vision, network, diagnostics, watchdog, telegram
2026-07-15 20:43:37,520 | INFO     | gate_system.watchdog | Watchdog запущен (таймаут 120 с)
2026-07-15 20:43:37,520 | WARNING  | gate_system.diagnostics | Диагностика: камера не отвечает
2026-07-15 20:43:37,520 | INFO     | gate_system.network | Интернет доступен
2026-07-15 20:43:37,618 | INFO     | gate_system.telegram | Telegram-бот запущен
2026-07-15 20:43:37,781 | INFO     | gate_system.network | NetworkMonitor остановлен
2026-07-15 20:43:37,781 | INFO     | gate_system.watchdog | Watchdog остановлен
2026-07-15 20:43:37,782 | INFO     | gate_system.diagnostics | Самодиагностика остановлена
2026-07-15 20:43:37,782 | INFO     | gate_system.main | Сервис 'network' остановлен
2026-07-15 20:43:37,782 | INFO     | gate_system.main | Сервис 'watchdog' остановлен
2026-07-15 20:43:37,782 | INFO     | gate_system.main | Сервис 'diagnostics' остановлен
2026-07-15 20:43:41,594 | INFO     | httpx            | HTTP Request: POST https://api.telegram.org/bot8840724271:AAFkI8i_ne1vfUFK2I8gm4BqIfzf-NzZ21k/getMe "HTTP/1.1 200 OK"
2026-07-15 20:43:41,598 | INFO     | telegram.ext.Application | Application received stop signal via `stop_running`. Shutting down.
2026-07-15 20:43:41,600 | INFO     | gate_system.main | Сервис 'telegram' остановлен
2026-07-15 20:43:42,786 | INFO     | gate_system.main | Все сервисы остановлены
2026-07-15 20:43:42,786 | INFO     | gate_system.main | gate_system остановлен
2026-07-15 20:43:59,097 | INFO     | gate_system.main | Запуск gate_system (реле=stub, telegram=вкл)
2026-07-15 20:43:59,262 | INFO     | gate_system.detector | Загрузка модели транспорта: models/yolov8n.pt
2026-07-15 20:44:00,227 | INFO     | gate_system.detector | Модель номеров не задана — распознаю по области автомобиля
2026-07-15 20:44:00,227 | INFO     | gate_system.ocr  | Инициализация EasyOCR (языки=['en', 'ru'], gpu=False)
2026-07-15 20:44:00,950 | WARNING  | easyocr.easyocr  | Using CPU. Note: This module is much faster with a GPU.
2026-07-15 20:44:02,630 | INFO     | gate_system.main | Сервис 'vision' запущен
2026-07-15 20:44:02,630 | INFO     | gate_system.main | Сервис 'network' запущен
2026-07-15 20:44:02,630 | INFO     | gate_system.network | NetworkMonitor запущен (интервал 10 с)
2026-07-15 20:44:02,630 | INFO     | gate_system.main | Сервис 'diagnostics' запущен
2026-07-15 20:44:02,631 | INFO     | gate_system.main | Сервис 'watchdog' запущен
2026-07-15 20:44:02,631 | INFO     | gate_system.diagnostics | Самодиагностика запущена (интервал 60 с)
2026-07-15 20:44:02,631 | INFO     | gate_system.main | Сервис 'telegram' запущен
2026-07-15 20:44:02,631 | INFO     | gate_system.main | Запущены сервисы: vision, network, diagnostics, watchdog, telegram
2026-07-15 20:44:02,631 | INFO     | gate_system.watchdog | Watchdog запущен (таймаут 120 с)
2026-07-15 20:44:02,631 | WARNING  | gate_system.diagnostics | Диагностика: камера не отвечает
2026-07-15 20:44:02,631 | INFO     | gate_system.network | Интернет доступен
2026-07-15 20:44:02,721 | INFO     | gate_system.telegram | Telegram-бот запущен
2026-07-15 20:44:03,230 | INFO     | httpx            | HTTP Request: POST https://api.telegram.org/bot8840724271:AAFkI8i_ne1vfUFK2I8gm4BqIfzf-NzZ21k/getMe "HTTP/1.1 200 OK"
2026-07-15 20:44:03,334 | INFO     | httpx            | HTTP Request: POST https://api.telegram.org/bot8840724271:AAFkI8i_ne1vfUFK2I8gm4BqIfzf-NzZ21k/deleteWebhook "HTTP/1.1 200 OK"
2026-07-15 20:44:03,337 | INFO     | telegram.ext.Application | Application started
2026-07-15 20:44:03,577 | WARNING  | gate_system.camera | Не удалось открыть источник: rtsp://10.92.84.237:8554/live
2026-07-15 20:44:03,577 | INFO     | gate_system.pipeline | Пайплайн распознавания запущен
2026-07-15 20:44:03,577 | WARNING  | gate_system.pipeline | Кадр не получен — переподключение к камере
2026-07-15 20:44:03,577 | WARNING  | gate_system.camera | Переподключение к камере через 1.0 с: rtsp://10.92.84.237:8554/live
2026-07-15 20:44:04,611 | WARNING  | gate_system.camera | Не удалось открыть источник: rtsp://10.92.84.237:8554/live
2026-07-15 20:44:04,612 | WARNING  | gate_system.pipeline | Кадр не получен — переподключение к камере
2026-07-15 20:44:04,612 | WARNING  | gate_system.camera | Переподключение к камере через 2.0 с: rtsp://10.92.84.237:8554/live
2026-07-15 20:44:06,650 | WARNING  | gate_system.camera | Не удалось открыть источник: rtsp://10.92.84.237:8554/live
2026-07-15 20:44:06,650 | WARNING  | gate_system.pipeline | Кадр не получен — переподключение к камере
2026-07-15 20:44:06,650 | WARNING  | gate_system.camera | Переподключение к камере через 4.0 с: rtsp://10.92.84.237:8554/live
2026-07-15 20:44:10,685 | WARNING  | gate_system.camera | Не удалось открыть источник: rtsp://10.92.84.237:8554/live
2026-07-15 20:44:10,685 | WARNING  | gate_system.pipeline | Кадр не получен — переподключение к камере
2026-07-15 20:44:10,685 | WARNING  | gate_system.camera | Переподключение к камере через 8.0 с: rtsp://10.92.84.237:8554/live
2026-07-15 20:44:13,771 | INFO     | httpx            | HTTP Request: POST https://api.telegram.org/bot8840724271:AAFkI8i_ne1vfUFK2I8gm4BqIfzf-NzZ21k/getUpdates "HTTP/1.1 200 OK"
2026-07-15 20:44:18,719 | WARNING  | gate_system.camera | Не удалось открыть источник: rtsp://10.92.84.237:8554/live
2026-07-15 20:44:18,719 | WARNING  | gate_system.pipeline | Кадр не получен — переподключение к камере
2026-07-15 20:44:18,719 | WARNING  | gate_system.camera | Переподключение к камере через 16.0 с: rtsp://10.92.84.237:8554/live
2026-07-15 20:44:23,876 | INFO     | httpx            | HTTP Request: POST https://api.telegram.org/bot8840724271:AAFkI8i_ne1vfUFK2I8gm4BqIfzf-NzZ21k/getUpdates "HTTP/1.1 200 OK"
2026-07-15 20:44:33,991 | INFO     | httpx            | HTTP Request: POST https://api.telegram.org/bot8840724271:AAFkI8i_ne1vfUFK2I8gm4BqIfzf-NzZ21k/getUpdates "HTTP/1.1 200 OK"
2026-07-15 20:44:34,749 | WARNING  | gate_system.camera | Не удалось открыть источник: rtsp://10.92.84.237:8554/live
2026-07-15 20:44:34,750 | WARNING  | gate_system.pipeline | Кадр не получен — переподключение к камере
2026-07-15 20:44:34,750 | WARNING  | gate_system.camera | Переподключение к камере через 30.0 с: rtsp://10.92.84.237:8554/live
2026-07-15 20:44:39,786 | INFO     | gate_system.network | NetworkMonitor остановлен
2026-07-15 20:44:39,786 | INFO     | gate_system.watchdog | Watchdog остановлен
2026-07-15 20:44:39,786 | INFO     | gate_system.diagnostics | Самодиагностика остановлена
2026-07-15 20:44:39,786 | INFO     | gate_system.main | Сервис 'network' остановлен
2026-07-15 20:44:39,787 | INFO     | gate_system.main | Сервис 'watchdog' остановлен
2026-07-15 20:44:39,787 | INFO     | gate_system.main | Сервис 'diagnostics' остановлен
2026-07-15 20:44:40,994 | INFO     | httpx            | HTTP Request: POST https://api.telegram.org/bot8840724271:AAFkI8i_ne1vfUFK2I8gm4BqIfzf-NzZ21k/getUpdates "HTTP/1.1 200 OK"
2026-07-15 20:44:40,995 | INFO     | telegram.ext.Application | Application is stopping. This might take a moment.
2026-07-15 20:44:40,995 | INFO     | telegram.ext.Application | Application.stop() complete
2026-07-15 20:44:40,996 | INFO     | gate_system.main | Сервис 'telegram' остановлен
2026-07-15 20:44:44,791 | INFO     | gate_system.main | Все сервисы остановлены
2026-07-15 20:44:44,792 | INFO     | gate_system.main | gate_system остановлен
2026-07-15 20:45:14,849 | INFO     | gate_system.main | Запуск gate_system (реле=stub, telegram=вкл)
2026-07-15 20:45:14,963 | INFO     | gate_system.detector | Загрузка модели транспорта: models/yolov8n.pt
2026-07-15 20:45:15,852 | INFO     | gate_system.detector | Модель номеров не задана — распознаю по области автомобиля
2026-07-15 20:45:15,852 | INFO     | gate_system.ocr  | Инициализация EasyOCR (языки=['en', 'ru'], gpu=False)
2026-07-15 20:45:16,603 | WARNING  | easyocr.easyocr  | Using CPU. Note: This module is much faster with a GPU.
2026-07-15 20:45:18,299 | INFO     | gate_system.main | Сервис 'vision' запущен
2026-07-15 20:45:18,299 | INFO     | gate_system.main | Сервис 'network' запущен
2026-07-15 20:45:18,299 | INFO     | gate_system.main | Сервис 'diagnostics' запущен
2026-07-15 20:45:18,299 | INFO     | gate_system.main | Сервис 'watchdog' запущен
2026-07-15 20:45:18,300 | INFO     | gate_system.network | NetworkMonitor запущен (интервал 10 с)
2026-07-15 20:45:18,300 | INFO     | gate_system.main | Сервис 'telegram' запущен
2026-07-15 20:45:18,300 | INFO     | gate_system.main | Запущены сервисы: vision, network, diagnostics, watchdog, telegram
2026-07-15 20:45:18,300 | INFO     | gate_system.diagnostics | Самодиагностика запущена (интервал 60 с)
2026-07-15 20:45:18,300 | INFO     | gate_system.watchdog | Watchdog запущен (таймаут 120 с)
2026-07-15 20:45:18,300 | WARNING  | gate_system.diagnostics | Диагностика: камера не отвечает
2026-07-15 20:45:18,300 | INFO     | gate_system.network | Интернет доступен
2026-07-15 20:45:18,320 | WARNING  | gate_system.camera | Не удалось открыть источник: rtsp://10.93.131.134:8554/live
2026-07-15 20:45:18,320 | INFO     | gate_system.pipeline | Пайплайн распознавания запущен
2026-07-15 20:45:18,320 | WARNING  | gate_system.pipeline | Кадр не получен — переподключение к камере
2026-07-15 20:45:18,321 | WARNING  | gate_system.camera | Переподключение к камере через 1.0 с: rtsp://10.93.131.134:8554/live
2026-07-15 20:45:18,399 | INFO     | gate_system.telegram | Telegram-бот запущен
2026-07-15 20:45:19,354 | WARNING  | gate_system.camera | Не удалось открыть источник: rtsp://10.93.131.134:8554/live
2026-07-15 20:45:19,355 | WARNING  | gate_system.pipeline | Кадр не получен — переподключение к камере
2026-07-15 20:45:19,355 | WARNING  | gate_system.camera | Переподключение к камере через 2.0 с: rtsp://10.93.131.134:8554/live
2026-07-15 20:45:20,115 | INFO     | httpx            | HTTP Request: POST https://api.telegram.org/bot8840724271:AAFkI8i_ne1vfUFK2I8gm4BqIfzf-NzZ21k/getMe "HTTP/1.1 200 OK"
2026-07-15 20:45:20,273 | INFO     | httpx            | HTTP Request: POST https://api.telegram.org/bot8840724271:AAFkI8i_ne1vfUFK2I8gm4BqIfzf-NzZ21k/deleteWebhook "HTTP/1.1 200 OK"
2026-07-15 20:45:20,276 | INFO     | telegram.ext.Application | Application started
2026-07-15 20:45:21,389 | WARNING  | gate_system.camera | Не удалось открыть источник: rtsp://10.93.131.134:8554/live
2026-07-15 20:45:21,389 | WARNING  | gate_system.pipeline | Кадр не получен — переподключение к камере
2026-07-15 20:45:21,389 | WARNING  | gate_system.camera | Переподключение к камере через 4.0 с: rtsp://10.93.131.134:8554/live
2026-07-15 20:45:25,423 | WARNING  | gate_system.camera | Не удалось открыть источник: rtsp://10.93.131.134:8554/live
2026-07-15 20:45:25,424 | WARNING  | gate_system.pipeline | Кадр не получен — переподключение к камере
2026-07-15 20:45:25,424 | WARNING  | gate_system.camera | Переподключение к камере через 8.0 с: rtsp://10.93.131.134:8554/live
2026-07-15 20:45:31,835 | INFO     | httpx            | HTTP Request: POST https://api.telegram.org/bot8840724271:AAFkI8i_ne1vfUFK2I8gm4BqIfzf-NzZ21k/getUpdates "HTTP/1.1 200 OK"
2026-07-15 20:45:33,453 | WARNING  | gate_system.camera | Не удалось открыть источник: rtsp://10.93.131.134:8554/live
2026-07-15 20:45:33,453 | WARNING  | gate_system.pipeline | Кадр не получен — переподключение к камере
2026-07-15 20:45:33,453 | WARNING  | gate_system.camera | Переподключение к камере через 16.0 с: rtsp://10.93.131.134:8554/live
2026-07-15 20:45:41,949 | INFO     | httpx            | HTTP Request: POST https://api.telegram.org/bot8840724271:AAFkI8i_ne1vfUFK2I8gm4BqIfzf-NzZ21k/getUpdates "HTTP/1.1 200 OK"
2026-07-15 20:45:42,798 | INFO     | gate_system.network | NetworkMonitor остановлен
2026-07-15 20:45:42,799 | INFO     | gate_system.watchdog | Watchdog остановлен
2026-07-15 20:45:42,799 | INFO     | gate_system.diagnostics | Самодиагностика остановлена
2026-07-15 20:45:42,799 | INFO     | gate_system.main | Сервис 'network' остановлен
2026-07-15 20:45:42,800 | INFO     | gate_system.main | Сервис 'watchdog' остановлен
2026-07-15 20:45:42,800 | INFO     | gate_system.main | Сервис 'diagnostics' остановлен
2026-07-15 20:45:47,813 | ERROR    | telegram.ext.Updater | Error while calling `get_updates` one more time to mark all fetched updates as read: %s. Suppressing error to ensure graceful shutdown. When polling for updates is restarted, updates may be fetched again. Please adjust timeouts via `ApplicationBuilder` or the parameter `get_updates_request` of `Bot`.
Traceback (most recent call last):
  File "/Users/artemfarniev2013/WebstormProjects/untitled20/gate_system/.venv/lib/python3.13/site-packages/httpx/_transports/default.py", line 101, in map_httpcore_exceptions
    yield
  File "/Users/artemfarniev2013/WebstormProjects/untitled20/gate_system/.venv/lib/python3.13/site-packages/httpx/_transports/default.py", line 394, in handle_async_request
    resp = await self._pool.handle_async_request(req)
           ^^^^^^^^^^^^^^^^^^^^^^^^^^^^^^^^^^^^^^^^^^
  File "/Users/artemfarniev2013/WebstormProjects/untitled20/gate_system/.venv/lib/python3.13/site-packages/httpcore/_async/connection_pool.py", line 256, in handle_async_request
    raise exc from None
  File "/Users/artemfarniev2013/WebstormProjects/untitled20/gate_system/.venv/lib/python3.13/site-packages/httpcore/_async/connection_pool.py", line 236, in handle_async_request
    response = await connection.handle_async_request(
               ^^^^^^^^^^^^^^^^^^^^^^^^^^^^^^^^^^^^^^
        pool_request.request
        ^^^^^^^^^^^^^^^^^^^^
    )
    ^
  File "/Users/artemfarniev2013/WebstormProjects/untitled20/gate_system/.venv/lib/python3.13/site-packages/httpcore/_async/connection.py", line 101, in handle_async_request
    raise exc
  File "/Users/artemfarniev2013/WebstormProjects/untitled20/gate_system/.venv/lib/python3.13/site-packages/httpcore/_async/connection.py", line 78, in handle_async_request
    stream = await self._connect(request)
             ^^^^^^^^^^^^^^^^^^^^^^^^^^^^
  File "/Users/artemfarniev2013/WebstormProjects/untitled20/gate_system/.venv/lib/python3.13/site-packages/httpcore/_async/connection.py", line 156, in _connect
    stream = await stream.start_tls(**kwargs)
             ^^^^^^^^^^^^^^^^^^^^^^^^^^^^^^^^
  File "/Users/artemfarniev2013/WebstormProjects/untitled20/gate_system/.venv/lib/python3.13/site-packages/httpcore/_backends/anyio.py", line 67, in start_tls
    with map_exceptions(exc_map):
         ~~~~~~~~~~~~~~^^^^^^^^^
  File "/opt/homebrew/Cellar/python@3.13/3.13.3/Frameworks/Python.framework/Versions/3.13/lib/python3.13/contextlib.py", line 162, in __exit__
    self.gen.throw(value)
    ~~~~~~~~~~~~~~^^^^^^^
  File "/Users/artemfarniev2013/WebstormProjects/untitled20/gate_system/.venv/lib/python3.13/site-packages/httpcore/_exceptions.py", line 14, in map_exceptions
    raise to_exc(exc) from exc
httpcore.ConnectTimeout

The above exception was the direct cause of the following exception:

Traceback (most recent call last):
  File "/Users/artemfarniev2013/WebstormProjects/untitled20/gate_system/.venv/lib/python3.13/site-packages/telegram/request/_httpxrequest.py", line 292, in do_request
    res = await self._client.request(
          ^^^^^^^^^^^^^^^^^^^^^^^^^^^
    ...<6 lines>...
    )
    ^
  File "/Users/artemfarniev2013/WebstormProjects/untitled20/gate_system/.venv/lib/python3.13/site-packages/httpx/_client.py", line 1540, in request
    return await self.send(request, auth=auth, follow_redirects=follow_redirects)
           ^^^^^^^^^^^^^^^^^^^^^^^^^^^^^^^^^^^^^^^^^^^^^^^^^^^^^^^^^^^^^^^^^^^^^^
  File "/Users/artemfarniev2013/WebstormProjects/untitled20/gate_system/.venv/lib/python3.13/site-packages/httpx/_client.py", line 1629, in send
    response = await self._send_handling_auth(
               ^^^^^^^^^^^^^^^^^^^^^^^^^^^^^^^
    ...<4 lines>...
    )
    ^
  File "/Users/artemfarniev2013/WebstormProjects/untitled20/gate_system/.venv/lib/python3.13/site-packages/httpx/_client.py", line 1657, in _send_handling_auth
    response = await self._send_handling_redirects(
               ^^^^^^^^^^^^^^^^^^^^^^^^^^^^^^^^^^^^
    ...<3 lines>...
    )
    ^
  File "/Users/artemfarniev2013/WebstormProjects/untitled20/gate_system/.venv/lib/python3.13/site-packages/httpx/_client.py", line 1694, in _send_handling_redirects
    response = await self._send_single_request(request)
               ^^^^^^^^^^^^^^^^^^^^^^^^^^^^^^^^^^^^^^^^
  File "/Users/artemfarniev2013/WebstormProjects/untitled20/gate_system/.venv/lib/python3.13/site-packages/httpx/_client.py", line 1730, in _send_single_request
    response = await transport.handle_async_request(request)
               ^^^^^^^^^^^^^^^^^^^^^^^^^^^^^^^^^^^^^^^^^^^^^
  File "/Users/artemfarniev2013/WebstormProjects/untitled20/gate_system/.venv/lib/python3.13/site-packages/httpx/_transports/default.py", line 393, in handle_async_request
    with map_httpcore_exceptions():
         ~~~~~~~~~~~~~~~~~~~~~~~^^
  File "/opt/homebrew/Cellar/python@3.13/3.13.3/Frameworks/Python.framework/Versions/3.13/lib/python3.13/contextlib.py", line 162, in __exit__
    self.gen.throw(value)
    ~~~~~~~~~~~~~~^^^^^^^
  File "/Users/artemfarniev2013/WebstormProjects/untitled20/gate_system/.venv/lib/python3.13/site-packages/httpx/_transports/default.py", line 118, in map_httpcore_exceptions
    raise mapped_exc(message) from exc
httpx.ConnectTimeout

The above exception was the direct cause of the following exception:

Traceback (most recent call last):
  File "/Users/artemfarniev2013/WebstormProjects/untitled20/gate_system/.venv/lib/python3.13/site-packages/telegram/ext/_updater.py", line 438, in _get_updates_cleanup
    await self.bot.get_updates(
    ...<8 lines>...
    )
  File "/Users/artemfarniev2013/WebstormProjects/untitled20/gate_system/.venv/lib/python3.13/site-packages/telegram/ext/_extbot.py", line 649, in get_updates
    updates = await super().get_updates(
              ^^^^^^^^^^^^^^^^^^^^^^^^^^
    ...<9 lines>...
    )
    ^
  File "/Users/artemfarniev2013/WebstormProjects/untitled20/gate_system/.venv/lib/python3.13/site-packages/telegram/_bot.py", line 4366, in get_updates
    await self._post(
    ^^^^^^^^^^^^^^^^^
    ...<7 lines>...
    ),
    ^
  File "/Users/artemfarniev2013/WebstormProjects/untitled20/gate_system/.venv/lib/python3.13/site-packages/telegram/_bot.py", line 623, in _post
    return await self._do_post(
           ^^^^^^^^^^^^^^^^^^^^
    ...<6 lines>...
    )
    ^
  File "/Users/artemfarniev2013/WebstormProjects/untitled20/gate_system/.venv/lib/python3.13/site-packages/telegram/ext/_extbot.py", line 355, in _do_post
    return await super()._do_post(
           ^^^^^^^^^^^^^^^^^^^^^^^
    ...<6 lines>...
    )
    ^
  File "/Users/artemfarniev2013/WebstormProjects/untitled20/gate_system/.venv/lib/python3.13/site-packages/telegram/_bot.py", line 652, in _do_post
    result = await request.post(
             ^^^^^^^^^^^^^^^^^^^
    ...<6 lines>...
    )
    ^
  File "/Users/artemfarniev2013/WebstormProjects/untitled20/gate_system/.venv/lib/python3.13/site-packages/telegram/request/_baserequest.py", line 201, in post
    result = await self._request_wrapper(
             ^^^^^^^^^^^^^^^^^^^^^^^^^^^^
    ...<7 lines>...
    )
    ^
  File "/Users/artemfarniev2013/WebstormProjects/untitled20/gate_system/.venv/lib/python3.13/site-packages/telegram/request/_baserequest.py", line 333, in _request_wrapper
    code, payload = await self.do_request(
                    ^^^^^^^^^^^^^^^^^^^^^^
    ...<7 lines>...
    )
    ^
  File "/Users/artemfarniev2013/WebstormProjects/untitled20/gate_system/.venv/lib/python3.13/site-packages/telegram/request/_httpxrequest.py", line 309, in do_request
    raise TimedOut from err
telegram.error.TimedOut: Timed out
2026-07-15 20:45:47,835 | INFO     | telegram.ext.Application | Application is stopping. This might take a moment.
2026-07-15 20:45:47,835 | INFO     | telegram.ext.Application | Application.stop() complete
2026-07-15 20:45:47,836 | INFO     | gate_system.main | Сервис 'telegram' остановлен
2026-07-15 20:45:47,837 | INFO     | gate_system.main | Все сервисы остановлены
2026-07-15 20:45:47,837 | INFO     | gate_system.main | gate_system остановлен
2026-07-15 20:48:05,776 | INFO     | gate_system.main | Запуск gate_system (реле=stub, telegram=вкл)
2026-07-15 20:48:05,928 | INFO     | gate_system.detector | Загрузка модели транспорта: models/yolov8n.pt
2026-07-15 20:48:06,942 | INFO     | gate_system.detector | Модель номеров не задана — распознаю по области автомобиля
2026-07-15 20:48:06,943 | INFO     | gate_system.ocr  | Инициализация EasyOCR (языки=['en', 'ru'], gpu=False)
2026-07-15 20:48:07,687 | WARNING  | easyocr.easyocr  | Using CPU. Note: This module is much faster with a GPU.
2026-07-15 20:48:09,386 | INFO     | gate_system.main | Сервис 'vision' запущен
2026-07-15 20:48:09,386 | INFO     | gate_system.main | Сервис 'network' запущен
2026-07-15 20:48:09,387 | INFO     | gate_system.main | Сервис 'diagnostics' запущен
2026-07-15 20:48:09,387 | INFO     | gate_system.network | NetworkMonitor запущен (интервал 10 с)
2026-07-15 20:48:09,387 | INFO     | gate_system.main | Сервис 'watchdog' запущен
2026-07-15 20:48:09,387 | INFO     | gate_system.diagnostics | Самодиагностика запущена (интервал 60 с)
2026-07-15 20:48:09,387 | INFO     | gate_system.main | Сервис 'telegram' запущен
2026-07-15 20:48:09,387 | INFO     | gate_system.main | Запущены сервисы: vision, network, diagnostics, watchdog, telegram
2026-07-15 20:48:09,387 | INFO     | gate_system.watchdog | Watchdog запущен (таймаут 120 с)
2026-07-15 20:48:09,387 | WARNING  | gate_system.diagnostics | Диагностика: камера не отвечает
2026-07-15 20:48:09,387 | INFO     | gate_system.network | Интернет доступен
2026-07-15 20:48:09,395 | WARNING  | gate_system.camera | Не удалось открыть источник: rtsp://172.20.10.1:8554/live
2026-07-15 20:48:09,395 | INFO     | gate_system.pipeline | Пайплайн распознавания запущен
2026-07-15 20:48:09,395 | WARNING  | gate_system.pipeline | Кадр не получен — переподключение к камере
2026-07-15 20:48:09,395 | WARNING  | gate_system.camera | Переподключение к камере через 1.0 с: rtsp://172.20.10.1:8554/live
2026-07-15 20:48:09,487 | INFO     | gate_system.telegram | Telegram-бот запущен
2026-07-15 20:48:10,231 | INFO     | httpx            | HTTP Request: POST https://api.telegram.org/bot8840724271:AAFkI8i_ne1vfUFK2I8gm4BqIfzf-NzZ21k/getMe "HTTP/1.1 200 OK"
2026-07-15 20:48:10,335 | INFO     | httpx            | HTTP Request: POST https://api.telegram.org/bot8840724271:AAFkI8i_ne1vfUFK2I8gm4BqIfzf-NzZ21k/deleteWebhook "HTTP/1.1 200 OK"
2026-07-15 20:48:10,338 | INFO     | telegram.ext.Application | Application started
2026-07-15 20:48:10,402 | WARNING  | gate_system.camera | Не удалось открыть источник: rtsp://172.20.10.1:8554/live
2026-07-15 20:48:10,402 | WARNING  | gate_system.pipeline | Кадр не получен — переподключение к камере
2026-07-15 20:48:10,402 | WARNING  | gate_system.camera | Переподключение к камере через 2.0 с: rtsp://172.20.10.1:8554/live
2026-07-15 20:48:12,409 | WARNING  | gate_system.camera | Не удалось открыть источник: rtsp://172.20.10.1:8554/live
2026-07-15 20:48:12,410 | WARNING  | gate_system.pipeline | Кадр не получен — переподключение к камере
2026-07-15 20:48:12,410 | WARNING  | gate_system.camera | Переподключение к камере через 4.0 с: rtsp://172.20.10.1:8554/live
2026-07-15 20:48:16,417 | WARNING  | gate_system.camera | Не удалось открыть источник: rtsp://172.20.10.1:8554/live
2026-07-15 20:48:16,418 | WARNING  | gate_system.pipeline | Кадр не получен — переподключение к камере
2026-07-15 20:48:16,418 | WARNING  | gate_system.camera | Переподключение к камере через 8.0 с: rtsp://172.20.10.1:8554/live
2026-07-15 20:48:16,885 | INFO     | gate_system.network | NetworkMonitor остановлен
2026-07-15 20:48:16,885 | INFO     | gate_system.watchdog | Watchdog остановлен
2026-07-15 20:48:16,886 | INFO     | gate_system.main | Сервис 'watchdog' остановлен
2026-07-15 20:48:16,886 | INFO     | gate_system.diagnostics | Самодиагностика остановлена
2026-07-15 20:48:16,886 | INFO     | gate_system.main | Сервис 'network' остановлен
2026-07-15 20:48:16,887 | INFO     | gate_system.main | Сервис 'diagnostics' остановлен
2026-07-15 20:48:17,882 | INFO     | httpx            | HTTP Request: POST https://api.telegram.org/bot8840724271:AAFkI8i_ne1vfUFK2I8gm4BqIfzf-NzZ21k/getUpdates "HTTP/1.1 200 OK"
2026-07-15 20:48:17,884 | INFO     | telegram.ext.Application | Application is stopping. This might take a moment.
2026-07-15 20:48:17,885 | INFO     | telegram.ext.Application | Application.stop() complete
2026-07-15 20:48:17,886 | INFO     | gate_system.main | Сервис 'telegram' остановлен
2026-07-15 20:48:21,891 | INFO     | gate_system.main | Все сервисы остановлены
2026-07-15 20:48:21,892 | INFO     | gate_system.main | gate_system остановлен
2026-07-15 20:56:40,892 | INFO     | gate_system.main | Запуск gate_system (реле=stub, telegram=вкл)
2026-07-15 20:56:41,101 | INFO     | gate_system.detector | Загрузка модели транспорта: models/yolov8n.pt
2026-07-15 20:56:42,112 | INFO     | gate_system.detector | Модель номеров не задана — распознаю по области автомобиля
2026-07-15 20:56:42,112 | INFO     | gate_system.ocr  | Инициализация EasyOCR (языки=['en', 'ru'], gpu=False)
2026-07-15 20:56:42,858 | WARNING  | easyocr.easyocr  | Using CPU. Note: This module is much faster with a GPU.
2026-07-15 20:56:44,548 | INFO     | gate_system.main | Сервис 'vision' запущен
2026-07-15 20:56:44,548 | INFO     | gate_system.main | Сервис 'network' запущен
2026-07-15 20:56:44,548 | INFO     | gate_system.main | Сервис 'diagnostics' запущен
2026-07-15 20:56:44,548 | INFO     | gate_system.main | Сервис 'watchdog' запущен
2026-07-15 20:56:44,549 | INFO     | gate_system.main | Сервис 'telegram' запущен
2026-07-15 20:56:44,549 | INFO     | gate_system.main | Запущены сервисы: vision, network, diagnostics, watchdog, telegram
2026-07-15 20:56:44,549 | INFO     | gate_system.network | NetworkMonitor запущен (интервал 10 с)
2026-07-15 20:56:44,549 | INFO     | gate_system.diagnostics | Самодиагностика запущена (интервал 60 с)
2026-07-15 20:56:44,549 | INFO     | gate_system.watchdog | Watchdog запущен (таймаут 120 с)
2026-07-15 20:56:44,549 | WARNING  | gate_system.diagnostics | Диагностика: камера не отвечает
2026-07-15 20:56:44,549 | INFO     | gate_system.network | Интернет доступен
2026-07-15 20:56:44,564 | INFO     | gate_system.camera | Камера подключена: /Users/artemfarniev2013/WebstormProjects/untitled20/IMG_2882.MOV
2026-07-15 20:56:44,565 | INFO     | gate_system.pipeline | Пайплайн распознавания запущен
2026-07-15 20:56:44,682 | INFO     | gate_system.telegram | Telegram-бот запущен
2026-07-15 20:56:45,283 | INFO     | httpx            | HTTP Request: POST https://api.telegram.org/bot8840724271:AAFkI8i_ne1vfUFK2I8gm4BqIfzf-NzZ21k/getMe "HTTP/1.1 200 OK"
2026-07-15 20:56:45,603 | INFO     | httpx            | HTTP Request: POST https://api.telegram.org/bot8840724271:AAFkI8i_ne1vfUFK2I8gm4BqIfzf-NzZ21k/deleteWebhook "HTTP/1.1 200 OK"
2026-07-15 20:56:45,604 | INFO     | telegram.ext.Application | Application started
2026-07-15 20:56:45,677 | WARNING  | gate_system.pipeline | Кадр не получен — переподключение к камере
2026-07-15 20:56:45,678 | WARNING  | gate_system.camera | Переподключение к камере через 1.0 с: /Users/artemfarniev2013/WebstormProjects/untitled20/IMG_2882.MOV
2026-07-15 20:56:46,697 | INFO     | gate_system.camera | Камера подключена: /Users/artemfarniev2013/WebstormProjects/untitled20/IMG_2882.MOV
2026-07-15 20:56:46,697 | INFO     | gate_system.camera | Камера восстановлена
2026-07-15 20:56:47,697 | WARNING  | gate_system.pipeline | Кадр не получен — переподключение к камере
2026-07-15 20:56:47,697 | WARNING  | gate_system.camera | Переподключение к камере через 1.0 с: /Users/artemfarniev2013/WebstormProjects/untitled20/IMG_2882.MOV
2026-07-15 20:56:48,714 | INFO     | gate_system.camera | Камера подключена: /Users/artemfarniev2013/WebstormProjects/untitled20/IMG_2882.MOV
2026-07-15 20:56:48,714 | INFO     | gate_system.camera | Камера восстановлена
2026-07-15 20:56:49,719 | WARNING  | gate_system.pipeline | Кадр не получен — переподключение к камере
2026-07-15 20:56:49,719 | WARNING  | gate_system.camera | Переподключение к камере через 1.0 с: /Users/artemfarniev2013/WebstormProjects/untitled20/IMG_2882.MOV
2026-07-15 20:56:50,736 | INFO     | gate_system.camera | Камера подключена: /Users/artemfarniev2013/WebstormProjects/untitled20/IMG_2882.MOV
2026-07-15 20:56:50,736 | INFO     | gate_system.camera | Камера восстановлена
2026-07-15 20:56:51,768 | WARNING  | gate_system.pipeline | Кадр не получен — переподключение к камере
2026-07-15 20:56:51,768 | WARNING  | gate_system.camera | Переподключение к камере через 1.0 с: /Users/artemfarniev2013/WebstormProjects/untitled20/IMG_2882.MOV
2026-07-15 20:56:52,787 | INFO     | gate_system.camera | Камера подключена: /Users/artemfarniev2013/WebstormProjects/untitled20/IMG_2882.MOV
2026-07-15 20:56:52,787 | INFO     | gate_system.camera | Камера восстановлена
2026-07-15 20:56:53,818 | WARNING  | gate_system.pipeline | Кадр не получен — переподключение к камере
2026-07-15 20:56:53,818 | WARNING  | gate_system.camera | Переподключение к камере через 1.0 с: /Users/artemfarniev2013/WebstormProjects/untitled20/IMG_2882.MOV
2026-07-15 20:56:54,837 | INFO     | gate_system.camera | Камера подключена: /Users/artemfarniev2013/WebstormProjects/untitled20/IMG_2882.MOV
2026-07-15 20:56:54,838 | INFO     | gate_system.camera | Камера восстановлена
2026-07-15 20:56:55,941 | WARNING  | gate_system.pipeline | Кадр не получен — переподключение к камере
2026-07-15 20:56:55,941 | WARNING  | gate_system.camera | Переподключение к камере через 1.0 с: /Users/artemfarniev2013/WebstormProjects/untitled20/IMG_2882.MOV
2026-07-15 20:56:56,091 | INFO     | httpx            | HTTP Request: POST https://api.telegram.org/bot8840724271:AAFkI8i_ne1vfUFK2I8gm4BqIfzf-NzZ21k/getUpdates "HTTP/1.1 200 OK"
2026-07-15 20:56:56,962 | INFO     | gate_system.camera | Камера подключена: /Users/artemfarniev2013/WebstormProjects/untitled20/IMG_2882.MOV
2026-07-15 20:56:56,963 | INFO     | gate_system.camera | Камера восстановлена
2026-07-15 20:56:58,001 | WARNING  | gate_system.pipeline | Кадр не получен — переподключение к камере
2026-07-15 20:56:58,001 | WARNING  | gate_system.camera | Переподключение к камере через 1.0 с: /Users/artemfarniev2013/WebstormProjects/untitled20/IMG_2882.MOV
2026-07-15 20:56:59,018 | INFO     | gate_system.camera | Камера подключена: /Users/artemfarniev2013/WebstormProjects/untitled20/IMG_2882.MOV
2026-07-15 20:56:59,018 | INFO     | gate_system.camera | Камера восстановлена
2026-07-15 20:57:00,069 | WARNING  | gate_system.pipeline | Кадр не получен — переподключение к камере
2026-07-15 20:57:00,069 | WARNING  | gate_system.camera | Переподключение к камере через 1.0 с: /Users/artemfarniev2013/WebstormProjects/untitled20/IMG_2882.MOV
2026-07-15 20:57:01,090 | INFO     | gate_system.camera | Камера подключена: /Users/artemfarniev2013/WebstormProjects/untitled20/IMG_2882.MOV
2026-07-15 20:57:01,090 | INFO     | gate_system.camera | Камера восстановлена
2026-07-15 20:57:02,089 | WARNING  | gate_system.pipeline | Кадр не получен — переподключение к камере
2026-07-15 20:57:02,089 | WARNING  | gate_system.camera | Переподключение к камере через 1.0 с: /Users/artemfarniev2013/WebstormProjects/untitled20/IMG_2882.MOV
2026-07-15 20:57:02,556 | INFO     | gate_system.network | NetworkMonitor остановлен
2026-07-15 20:57:02,556 | INFO     | gate_system.watchdog | Watchdog остановлен
2026-07-15 20:57:02,556 | INFO     | gate_system.diagnostics | Самодиагностика остановлена
2026-07-15 20:57:02,557 | INFO     | gate_system.main | Сервис 'network' остановлен
2026-07-15 20:57:02,557 | INFO     | gate_system.main | Сервис 'watchdog' остановлен
2026-07-15 20:57:02,557 | INFO     | gate_system.main | Сервис 'diagnostics' остановлен
2026-07-15 20:57:03,082 | INFO     | httpx            | HTTP Request: POST https://api.telegram.org/bot8840724271:AAFkI8i_ne1vfUFK2I8gm4BqIfzf-NzZ21k/getUpdates "HTTP/1.1 200 OK"
2026-07-15 20:57:03,084 | INFO     | telegram.ext.Application | Application is stopping. This might take a moment.
2026-07-15 20:57:03,084 | INFO     | telegram.ext.Application | Application.stop() complete
2026-07-15 20:57:03,086 | INFO     | gate_system.main | Сервис 'telegram' остановлен
2026-07-15 20:57:03,109 | INFO     | gate_system.camera | Камера подключена: /Users/artemfarniev2013/WebstormProjects/untitled20/IMG_2882.MOV
2026-07-15 20:57:03,109 | INFO     | gate_system.camera | Камера восстановлена
2026-07-15 20:57:03,110 | INFO     | gate_system.camera | Камера закрыта
2026-07-15 20:57:03,110 | INFO     | gate_system.pipeline | Пайплайн распознавания остановлен
2026-07-15 20:57:03,110 | INFO     | gate_system.main | Сервис 'vision' остановлен
2026-07-15 20:57:03,111 | INFO     | gate_system.main | Все сервисы остановлены
2026-07-15 20:57:03,111 | INFO     | gate_system.main | gate_system остановлен
2026-07-15 21:07:50,598 | INFO     | gate_system.main | Запуск gate_system (реле=stub, telegram=вкл)
2026-07-15 21:07:51,469 | INFO     | gate_system.detector | Загрузка модели транспорта: models/yolov8n.pt
2026-07-15 21:07:52,711 | INFO     | gate_system.detector | Модель номеров не задана — распознаю по области автомобиля
2026-07-15 21:07:52,711 | INFO     | gate_system.ocr  | Инициализация EasyOCR (языки=['en', 'ru'], gpu=False)
2026-07-15 21:07:53,494 | WARNING  | easyocr.easyocr  | Using CPU. Note: This module is much faster with a GPU.
2026-07-15 21:07:55,189 | INFO     | gate_system.main | Сервис 'vision' запущен
2026-07-15 21:07:55,189 | INFO     | gate_system.main | Сервис 'network' запущен
2026-07-15 21:07:55,189 | INFO     | gate_system.main | Сервис 'diagnostics' запущен
2026-07-15 21:07:55,189 | INFO     | gate_system.main | Сервис 'watchdog' запущен
2026-07-15 21:07:55,189 | INFO     | gate_system.network | NetworkMonitor запущен (интервал 10 с)
2026-07-15 21:07:55,189 | INFO     | gate_system.main | Сервис 'telegram' запущен
2026-07-15 21:07:55,189 | INFO     | gate_system.main | Запущены сервисы: vision, network, diagnostics, watchdog, telegram
2026-07-15 21:07:55,189 | INFO     | gate_system.diagnostics | Самодиагностика запущена (интервал 60 с)
2026-07-15 21:07:55,189 | INFO     | gate_system.watchdog | Watchdog запущен (таймаут 120 с)
2026-07-15 21:07:55,190 | WARNING  | gate_system.diagnostics | Диагностика: камера не отвечает
2026-07-15 21:07:55,190 | INFO     | gate_system.network | Интернет доступен
2026-07-15 21:07:55,206 | INFO     | gate_system.camera | Камера подключена: /Users/artemfarniev2013/WebstormProjects/untitled20/IMG_2882.MOV
2026-07-15 21:07:55,206 | INFO     | gate_system.pipeline | Пайплайн распознавания запущен
2026-07-15 21:07:55,311 | INFO     | gate_system.telegram | Telegram-бот запущен
2026-07-15 21:07:55,905 | INFO     | httpx            | HTTP Request: POST https://api.telegram.org/bot8840724271:AAFkI8i_ne1vfUFK2I8gm4BqIfzf-NzZ21k/getMe "HTTP/1.1 200 OK"
2026-07-15 21:07:56,019 | INFO     | httpx            | HTTP Request: POST https://api.telegram.org/bot8840724271:AAFkI8i_ne1vfUFK2I8gm4BqIfzf-NzZ21k/deleteWebhook "HTTP/1.1 200 OK"
2026-07-15 21:07:56,020 | INFO     | telegram.ext.Application | Application started
2026-07-15 21:07:56,224 | WARNING  | gate_system.pipeline | Кадр не получен — переподключение к камере
2026-07-15 21:07:56,225 | WARNING  | gate_system.camera | Переподключение к камере через 1.0 с: /Users/artemfarniev2013/WebstormProjects/untitled20/IMG_2882.MOV
2026-07-15 21:07:57,243 | INFO     | gate_system.camera | Камера подключена: /Users/artemfarniev2013/WebstormProjects/untitled20/IMG_2882.MOV
2026-07-15 21:07:57,243 | INFO     | gate_system.camera | Камера восстановлена
2026-07-15 21:07:58,223 | WARNING  | gate_system.pipeline | Кадр не получен — переподключение к камере
2026-07-15 21:07:58,223 | WARNING  | gate_system.camera | Переподключение к камере через 1.0 с: /Users/artemfarniev2013/WebstormProjects/untitled20/IMG_2882.MOV
2026-07-15 21:07:59,240 | INFO     | gate_system.camera | Камера подключена: /Users/artemfarniev2013/WebstormProjects/untitled20/IMG_2882.MOV
2026-07-15 21:07:59,240 | INFO     | gate_system.camera | Камера восстановлена
2026-07-15 21:08:00,244 | WARNING  | gate_system.pipeline | Кадр не получен — переподключение к камере
2026-07-15 21:08:00,244 | WARNING  | gate_system.camera | Переподключение к камере через 1.0 с: /Users/artemfarniev2013/WebstormProjects/untitled20/IMG_2882.MOV
2026-07-15 21:08:01,264 | INFO     | gate_system.camera | Камера подключена: /Users/artemfarniev2013/WebstormProjects/untitled20/IMG_2882.MOV
2026-07-15 21:08:01,265 | INFO     | gate_system.camera | Камера восстановлена
2026-07-15 21:08:02,300 | WARNING  | gate_system.pipeline | Кадр не получен — переподключение к камере
2026-07-15 21:08:02,300 | WARNING  | gate_system.camera | Переподключение к камере через 1.0 с: /Users/artemfarniev2013/WebstormProjects/untitled20/IMG_2882.MOV
2026-07-15 21:08:03,321 | INFO     | gate_system.camera | Камера подключена: /Users/artemfarniev2013/WebstormProjects/untitled20/IMG_2882.MOV
2026-07-15 21:08:03,322 | INFO     | gate_system.camera | Камера восстановлена
2026-07-15 21:08:04,504 | WARNING  | gate_system.pipeline | Кадр не получен — переподключение к камере
2026-07-15 21:08:04,504 | WARNING  | gate_system.camera | Переподключение к камере через 1.0 с: /Users/artemfarniev2013/WebstormProjects/untitled20/IMG_2882.MOV
2026-07-15 21:08:05,522 | INFO     | gate_system.camera | Камера подключена: /Users/artemfarniev2013/WebstormProjects/untitled20/IMG_2882.MOV
2026-07-15 21:08:05,522 | INFO     | gate_system.camera | Камера восстановлена
2026-07-15 21:08:06,519 | INFO     | httpx            | HTTP Request: POST https://api.telegram.org/bot8840724271:AAFkI8i_ne1vfUFK2I8gm4BqIfzf-NzZ21k/getUpdates "HTTP/1.1 200 OK"
2026-07-15 21:08:06,867 | WARNING  | gate_system.pipeline | Кадр не получен — переподключение к камере
2026-07-15 21:08:06,867 | WARNING  | gate_system.camera | Переподключение к камере через 1.0 с: /Users/artemfarniev2013/WebstormProjects/untitled20/IMG_2882.MOV
2026-07-15 21:08:07,882 | INFO     | gate_system.camera | Камера подключена: /Users/artemfarniev2013/WebstormProjects/untitled20/IMG_2882.MOV
2026-07-15 21:08:07,882 | INFO     | gate_system.camera | Камера восстановлена
2026-07-15 21:08:08,924 | WARNING  | gate_system.pipeline | Кадр не получен — переподключение к камере
2026-07-15 21:08:08,924 | WARNING  | gate_system.camera | Переподключение к камере через 1.0 с: /Users/artemfarniev2013/WebstormProjects/untitled20/IMG_2882.MOV
2026-07-15 21:08:09,930 | INFO     | gate_system.camera | Камера подключена: /Users/artemfarniev2013/WebstormProjects/untitled20/IMG_2882.MOV
2026-07-15 21:08:09,930 | INFO     | gate_system.camera | Камера восстановлена
2026-07-15 21:08:10,987 | WARNING  | gate_system.pipeline | Кадр не получен — переподключение к камере
2026-07-15 21:08:10,987 | WARNING  | gate_system.camera | Переподключение к камере через 1.0 с: /Users/artemfarniev2013/WebstormProjects/untitled20/IMG_2882.MOV
2026-07-15 21:08:11,997 | INFO     | gate_system.camera | Камера подключена: /Users/artemfarniev2013/WebstormProjects/untitled20/IMG_2882.MOV
2026-07-15 21:08:11,997 | INFO     | gate_system.camera | Камера восстановлена
2026-07-15 21:08:12,764 | INFO     | gate_system.network | NetworkMonitor остановлен
2026-07-15 21:08:12,764 | INFO     | gate_system.watchdog | Watchdog остановлен
2026-07-15 21:08:12,764 | INFO     | gate_system.main | Сервис 'network' остановлен
2026-07-15 21:08:12,764 | INFO     | gate_system.diagnostics | Самодиагностика остановлена
2026-07-15 21:08:12,764 | INFO     | gate_system.main | Сервис 'watchdog' остановлен
2026-07-15 21:08:12,764 | INFO     | gate_system.main | Сервис 'diagnostics' остановлен
2026-07-15 21:08:12,771 | INFO     | gate_system.camera | Камера закрыта
2026-07-15 21:08:12,771 | INFO     | gate_system.pipeline | Пайплайн распознавания остановлен
2026-07-15 21:08:12,771 | INFO     | gate_system.main | Сервис 'vision' остановлен
2026-07-15 21:08:13,715 | INFO     | httpx            | HTTP Request: POST https://api.telegram.org/bot8840724271:AAFkI8i_ne1vfUFK2I8gm4BqIfzf-NzZ21k/getUpdates "HTTP/1.1 200 OK"
2026-07-15 21:08:13,717 | INFO     | telegram.ext.Application | Application is stopping. This might take a moment.
2026-07-15 21:08:13,718 | INFO     | telegram.ext.Application | Application.stop() complete
2026-07-15 21:08:13,719 | INFO     | gate_system.main | Сервис 'telegram' остановлен
2026-07-15 21:08:13,720 | INFO     | gate_system.main | Все сервисы остановлены
2026-07-15 21:08:13,720 | INFO     | gate_system.main | gate_system остановлен
2026-07-15 21:09:57,291 | INFO     | gate_system.main | Запуск gate_system (реле=stub, telegram=вкл)
2026-07-15 21:09:57,456 | INFO     | gate_system.detector | Загрузка модели транспорта: models/yolov8n.pt
2026-07-15 21:09:58,413 | INFO     | gate_system.detector | Модель номеров не задана — распознаю по области автомобиля
2026-07-15 21:09:58,413 | INFO     | gate_system.ocr  | Инициализация EasyOCR (языки=['en', 'ru'], gpu=False)
2026-07-15 21:09:59,143 | WARNING  | easyocr.easyocr  | Using CPU. Note: This module is much faster with a GPU.
2026-07-15 21:10:00,895 | INFO     | gate_system.main | Сервис 'vision' запущен
2026-07-15 21:10:00,895 | INFO     | gate_system.main | Сервис 'network' запущен
2026-07-15 21:10:00,895 | INFO     | gate_system.main | Сервис 'diagnostics' запущен
2026-07-15 21:10:00,895 | INFO     | gate_system.network | NetworkMonitor запущен (интервал 10 с)
2026-07-15 21:10:00,895 | INFO     | gate_system.main | Сервис 'watchdog' запущен
2026-07-15 21:10:00,895 | INFO     | gate_system.diagnostics | Самодиагностика запущена (интервал 60 с)
2026-07-15 21:10:00,895 | INFO     | gate_system.main | Сервис 'telegram' запущен
2026-07-15 21:10:00,895 | INFO     | gate_system.main | Запущены сервисы: vision, network, diagnostics, watchdog, telegram
2026-07-15 21:10:00,895 | INFO     | gate_system.watchdog | Watchdog запущен (таймаут 120 с)
2026-07-15 21:10:00,896 | WARNING  | gate_system.diagnostics | Диагностика: камера не отвечает
2026-07-15 21:10:00,896 | INFO     | gate_system.network | Интернет доступен
2026-07-15 21:10:00,909 | INFO     | gate_system.camera | Камера подключена: /Users/artemfarniev2013/WebstormProjects/untitled20/IMG_2882.MOV
2026-07-15 21:10:00,909 | INFO     | gate_system.pipeline | Пайплайн распознавания запущен
2026-07-15 21:10:01,012 | INFO     | gate_system.telegram | Telegram-бот запущен
2026-07-15 21:10:01,504 | INFO     | httpx            | HTTP Request: POST https://api.telegram.org/bot8840724271:AAFkI8i_ne1vfUFK2I8gm4BqIfzf-NzZ21k/getMe "HTTP/1.1 200 OK"
2026-07-15 21:10:01,628 | INFO     | httpx            | HTTP Request: POST https://api.telegram.org/bot8840724271:AAFkI8i_ne1vfUFK2I8gm4BqIfzf-NzZ21k/deleteWebhook "HTTP/1.1 200 OK"
2026-07-15 21:10:01,629 | INFO     | telegram.ext.Application | Application started
2026-07-15 21:10:01,957 | WARNING  | gate_system.pipeline | Кадр не получен — переподключение к камере
2026-07-15 21:10:01,957 | WARNING  | gate_system.camera | Переподключение к камере через 1.0 с: /Users/artemfarniev2013/WebstormProjects/untitled20/IMG_2882.MOV
2026-07-15 21:10:02,982 | INFO     | gate_system.camera | Камера подключена: /Users/artemfarniev2013/WebstormProjects/untitled20/IMG_2882.MOV
2026-07-15 21:10:02,983 | INFO     | gate_system.camera | Камера восстановлена
2026-07-15 21:10:04,002 | WARNING  | gate_system.pipeline | Кадр не получен — переподключение к камере
2026-07-15 21:10:04,002 | WARNING  | gate_system.camera | Переподключение к камере через 1.0 с: /Users/artemfarniev2013/WebstormProjects/untitled20/IMG_2882.MOV
2026-07-15 21:10:05,019 | INFO     | gate_system.camera | Камера подключена: /Users/artemfarniev2013/WebstormProjects/untitled20/IMG_2882.MOV
2026-07-15 21:10:05,019 | INFO     | gate_system.camera | Камера восстановлена
2026-07-15 21:10:06,053 | WARNING  | gate_system.pipeline | Кадр не получен — переподключение к камере
2026-07-15 21:10:06,053 | WARNING  | gate_system.camera | Переподключение к камере через 1.0 с: /Users/artemfarniev2013/WebstormProjects/untitled20/IMG_2882.MOV
2026-07-15 21:10:07,071 | INFO     | gate_system.camera | Камера подключена: /Users/artemfarniev2013/WebstormProjects/untitled20/IMG_2882.MOV
2026-07-15 21:10:07,071 | INFO     | gate_system.camera | Камера восстановлена
2026-07-15 21:10:08,090 | WARNING  | gate_system.pipeline | Кадр не получен — переподключение к камере
2026-07-15 21:10:08,090 | WARNING  | gate_system.camera | Переподключение к камере через 1.0 с: /Users/artemfarniev2013/WebstormProjects/untitled20/IMG_2882.MOV
2026-07-15 21:10:09,116 | INFO     | gate_system.camera | Камера подключена: /Users/artemfarniev2013/WebstormProjects/untitled20/IMG_2882.MOV
2026-07-15 21:10:09,116 | INFO     | gate_system.camera | Камера восстановлена
2026-07-15 21:10:09,770 | INFO     | gate_system.network | NetworkMonitor остановлен
2026-07-15 21:10:09,771 | INFO     | gate_system.diagnostics | Самодиагностика остановлена
2026-07-15 21:10:09,771 | INFO     | gate_system.watchdog | Watchdog остановлен
2026-07-15 21:10:09,771 | INFO     | gate_system.main | Сервис 'network' остановлен
2026-07-15 21:10:09,772 | INFO     | gate_system.main | Сервис 'diagnostics' остановлен
2026-07-15 21:10:09,772 | INFO     | gate_system.main | Сервис 'watchdog' остановлен
2026-07-15 21:10:09,796 | INFO     | gate_system.camera | Камера закрыта
2026-07-15 21:10:09,796 | INFO     | gate_system.pipeline | Пайплайн распознавания остановлен
2026-07-15 21:10:09,796 | INFO     | gate_system.main | Сервис 'vision' остановлен
2026-07-15 21:10:10,310 | INFO     | httpx            | HTTP Request: POST https://api.telegram.org/bot8840724271:AAFkI8i_ne1vfUFK2I8gm4BqIfzf-NzZ21k/getUpdates "HTTP/1.1 200 OK"
2026-07-15 21:10:10,312 | INFO     | telegram.ext.Application | Application is stopping. This might take a moment.
2026-07-15 21:10:10,313 | INFO     | telegram.ext.Application | Application.stop() complete
2026-07-15 21:10:10,314 | INFO     | gate_system.main | Сервис 'telegram' остановлен
2026-07-15 21:10:10,314 | INFO     | gate_system.main | Все сервисы остановлены
2026-07-15 21:10:10,314 | INFO     | gate_system.main | gate_system остановлен
2026-07-15 21:10:26,325 | INFO     | gate_system.main | Запуск gate_system (реле=stub, telegram=вкл)
2026-07-15 21:10:26,408 | INFO     | gate_system.detector | Загрузка модели транспорта: models/yolov8n.pt
2026-07-15 21:10:27,182 | INFO     | gate_system.detector | Модель номеров не задана — распознаю по области автомобиля
2026-07-15 21:10:27,182 | INFO     | gate_system.ocr  | Инициализация EasyOCR (языки=['en', 'ru'], gpu=False)
2026-07-15 21:10:27,868 | WARNING  | easyocr.easyocr  | Using CPU. Note: This module is much faster with a GPU.
2026-07-15 21:10:29,577 | INFO     | gate_system.main | Сервис 'vision' запущен
2026-07-15 21:10:29,577 | INFO     | gate_system.main | Сервис 'network' запущен
2026-07-15 21:10:29,577 | INFO     | gate_system.main | Сервис 'diagnostics' запущен
2026-07-15 21:10:29,577 | INFO     | gate_system.network | NetworkMonitor запущен (интервал 10 с)
2026-07-15 21:10:29,577 | INFO     | gate_system.main | Сервис 'watchdog' запущен
2026-07-15 21:10:29,578 | INFO     | gate_system.diagnostics | Самодиагностика запущена (интервал 60 с)
2026-07-15 21:10:29,578 | INFO     | gate_system.main | Сервис 'telegram' запущен
2026-07-15 21:10:29,578 | INFO     | gate_system.main | Запущены сервисы: vision, network, diagnostics, watchdog, telegram
2026-07-15 21:10:29,578 | INFO     | gate_system.watchdog | Watchdog запущен (таймаут 120 с)
2026-07-15 21:10:29,578 | WARNING  | gate_system.diagnostics | Диагностика: камера не отвечает
2026-07-15 21:10:29,578 | INFO     | gate_system.network | Интернет доступен
2026-07-15 21:10:29,591 | INFO     | gate_system.camera | Камера подключена: /Users/artemfarniev2013/WebstormProjects/untitled20/car.mp4
2026-07-15 21:10:29,591 | INFO     | gate_system.pipeline | Пайплайн распознавания запущен
2026-07-15 21:10:29,686 | INFO     | gate_system.telegram | Telegram-бот запущен
2026-07-15 21:10:30,403 | INFO     | httpx            | HTTP Request: POST https://api.telegram.org/bot8840724271:AAFkI8i_ne1vfUFK2I8gm4BqIfzf-NzZ21k/getMe "HTTP/1.1 200 OK"
2026-07-15 21:10:30,522 | INFO     | httpx            | HTTP Request: POST https://api.telegram.org/bot8840724271:AAFkI8i_ne1vfUFK2I8gm4BqIfzf-NzZ21k/deleteWebhook "HTTP/1.1 200 OK"
2026-07-15 21:10:30,523 | INFO     | telegram.ext.Application | Application started
2026-07-15 21:10:41,058 | INFO     | httpx            | HTTP Request: POST https://api.telegram.org/bot8840724271:AAFkI8i_ne1vfUFK2I8gm4BqIfzf-NzZ21k/getUpdates "HTTP/1.1 200 OK"
2026-07-15 21:10:51,189 | INFO     | httpx            | HTTP Request: POST https://api.telegram.org/bot8840724271:AAFkI8i_ne1vfUFK2I8gm4BqIfzf-NzZ21k/getUpdates "HTTP/1.1 200 OK"
2026-07-15 21:10:56,008 | INFO     | httpx            | HTTP Request: POST https://api.telegram.org/bot8840724271:AAFkI8i_ne1vfUFK2I8gm4BqIfzf-NzZ21k/getUpdates "HTTP/1.1 200 OK"
2026-07-15 21:10:59,654 | INFO     | httpx            | HTTP Request: POST https://api.telegram.org/bot8840724271:AAFkI8i_ne1vfUFK2I8gm4BqIfzf-NzZ21k/getUpdates "HTTP/1.1 200 OK"
2026-07-15 21:10:59,657 | INFO     | gate_system.gate | Открытие ворот. Источник: telegram
2026-07-15 21:10:59,658 | INFO     | gate_system.relay | StubRelay: импульс 500 мс (замыкание контактов)
2026-07-15 21:11:00,163 | INFO     | gate_system.gate | Ворота открыты (источник=telegram)
2026-07-15 21:11:00,163 | INFO     | gate_system.telegram | Команда /open (user_id=561733567) — ворота открыты
2026-07-15 21:11:00,733 | INFO     | httpx            | HTTP Request: POST https://api.telegram.org/bot8840724271:AAFkI8i_ne1vfUFK2I8gm4BqIfzf-NzZ21k/sendMessage "HTTP/1.1 200 OK"
2026-07-15 21:11:10,309 | INFO     | httpx            | HTTP Request: POST https://api.telegram.org/bot8840724271:AAFkI8i_ne1vfUFK2I8gm4BqIfzf-NzZ21k/getUpdates "HTTP/1.1 200 OK"
2026-07-15 21:11:20,493 | INFO     | httpx            | HTTP Request: POST https://api.telegram.org/bot8840724271:AAFkI8i_ne1vfUFK2I8gm4BqIfzf-NzZ21k/getUpdates "HTTP/1.1 200 OK"
2026-07-15 21:11:20,729 | INFO     | gate_system.network | NetworkMonitor остановлен
2026-07-15 21:11:20,729 | INFO     | gate_system.watchdog | Watchdog остановлен
2026-07-15 21:11:20,729 | INFO     | gate_system.diagnostics | Самодиагностика остановлена
2026-07-15 21:11:20,729 | INFO     | gate_system.main | Сервис 'network' остановлен
2026-07-15 21:11:20,730 | INFO     | gate_system.main | Сервис 'watchdog' остановлен
2026-07-15 21:11:20,730 | INFO     | gate_system.main | Сервис 'diagnostics' остановлен
2026-07-15 21:11:20,908 | INFO     | gate_system.camera | Камера закрыта
2026-07-15 21:11:20,908 | INFO     | gate_system.pipeline | Пайплайн распознавания остановлен
2026-07-15 21:11:20,908 | INFO     | gate_system.main | Сервис 'vision' остановлен
2026-07-15 21:11:24,377 | INFO     | httpx            | HTTP Request: POST https://api.telegram.org/bot8840724271:AAFkI8i_ne1vfUFK2I8gm4BqIfzf-NzZ21k/getUpdates "HTTP/1.1 200 OK"
2026-07-15 21:11:24,379 | INFO     | telegram.ext.Application | Application is stopping. This might take a moment.
2026-07-15 21:11:24,379 | INFO     | telegram.ext.Application | Application.stop() complete
2026-07-15 21:11:24,384 | INFO     | gate_system.main | Сервис 'telegram' остановлен
2026-07-15 21:11:24,385 | INFO     | gate_system.main | Все сервисы остановлены
2026-07-15 21:11:24,385 | INFO     | gate_system.main | gate_system остановлен
2026-07-15 21:11:37,060 | INFO     | gate_system.main | Запуск gate_system (реле=stub, telegram=вкл)
2026-07-15 21:11:37,202 | INFO     | gate_system.detector | Загрузка модели транспорта: models/yolov8n.pt
2026-07-15 21:11:38,058 | INFO     | gate_system.detector | Модель номеров не задана — распознаю по области автомобиля
2026-07-15 21:11:38,058 | INFO     | gate_system.ocr  | Инициализация EasyOCR (языки=['en', 'ru'], gpu=False)
2026-07-15 21:11:38,749 | WARNING  | easyocr.easyocr  | Using CPU. Note: This module is much faster with a GPU.
2026-07-15 21:11:40,419 | INFO     | gate_system.main | Сервис 'vision' запущен
2026-07-15 21:11:40,419 | INFO     | gate_system.main | Сервис 'network' запущен
2026-07-15 21:11:40,419 | INFO     | gate_system.main | Сервис 'diagnostics' запущен
2026-07-15 21:11:40,419 | INFO     | gate_system.main | Сервис 'watchdog' запущен
2026-07-15 21:11:40,419 | INFO     | gate_system.network | NetworkMonitor запущен (интервал 10 с)
2026-07-15 21:11:40,419 | INFO     | gate_system.main | Сервис 'telegram' запущен
2026-07-15 21:11:40,420 | INFO     | gate_system.main | Запущены сервисы: vision, network, diagnostics, watchdog, telegram
2026-07-15 21:11:40,420 | INFO     | gate_system.diagnostics | Самодиагностика запущена (интервал 60 с)
2026-07-15 21:11:40,420 | INFO     | gate_system.watchdog | Watchdog запущен (таймаут 120 с)
2026-07-15 21:11:40,420 | WARNING  | gate_system.diagnostics | Диагностика: камера не отвечает
2026-07-15 21:11:40,420 | INFO     | gate_system.network | Интернет доступен
2026-07-15 21:11:40,431 | INFO     | gate_system.camera | Камера подключена: /Users/artemfarniev2013/WebstormProjects/untitled20/car.mp4
2026-07-15 21:11:40,431 | INFO     | gate_system.pipeline | Пайплайн распознавания запущен
2026-07-15 21:11:40,536 | INFO     | gate_system.telegram | Telegram-бот запущен
2026-07-15 21:11:41,395 | INFO     | httpx            | HTTP Request: POST https://api.telegram.org/bot8840724271:AAFkI8i_ne1vfUFK2I8gm4BqIfzf-NzZ21k/getMe "HTTP/1.1 200 OK"
2026-07-15 21:11:41,503 | INFO     | httpx            | HTTP Request: POST https://api.telegram.org/bot8840724271:AAFkI8i_ne1vfUFK2I8gm4BqIfzf-NzZ21k/deleteWebhook "HTTP/1.1 200 OK"
2026-07-15 21:11:41,505 | INFO     | telegram.ext.Application | Application started
2026-07-15 21:11:52,271 | INFO     | httpx            | HTTP Request: POST https://api.telegram.org/bot8840724271:AAFkI8i_ne1vfUFK2I8gm4BqIfzf-NzZ21k/getUpdates "HTTP/1.1 200 OK"
2026-07-15 21:12:02,578 | INFO     | httpx            | HTTP Request: POST https://api.telegram.org/bot8840724271:AAFkI8i_ne1vfUFK2I8gm4BqIfzf-NzZ21k/getUpdates "HTTP/1.1 200 OK"
2026-07-15 21:12:12,947 | INFO     | httpx            | HTTP Request: POST https://api.telegram.org/bot8840724271:AAFkI8i_ne1vfUFK2I8gm4BqIfzf-NzZ21k/getUpdates "HTTP/1.1 200 OK"
2026-07-15 21:12:23,076 | INFO     | httpx            | HTTP Request: POST https://api.telegram.org/bot8840724271:AAFkI8i_ne1vfUFK2I8gm4BqIfzf-NzZ21k/getUpdates "HTTP/1.1 200 OK"
2026-07-15 21:12:33,237 | INFO     | httpx            | HTTP Request: POST https://api.telegram.org/bot8840724271:AAFkI8i_ne1vfUFK2I8gm4BqIfzf-NzZ21k/getUpdates "HTTP/1.1 200 OK"
2026-07-15 21:12:37,978 | INFO     | httpx            | HTTP Request: POST https://api.telegram.org/bot8840724271:AAFkI8i_ne1vfUFK2I8gm4BqIfzf-NzZ21k/getUpdates "HTTP/1.1 200 OK"
2026-07-15 21:12:39,563 | INFO     | httpx            | HTTP Request: POST https://api.telegram.org/bot8840724271:AAFkI8i_ne1vfUFK2I8gm4BqIfzf-NzZ21k/getUpdates "HTTP/1.1 200 OK"
2026-07-15 21:12:40,667 | INFO     | httpx            | HTTP Request: POST https://api.telegram.org/bot8840724271:AAFkI8i_ne1vfUFK2I8gm4BqIfzf-NzZ21k/sendMessage "HTTP/1.1 200 OK"
2026-07-15 21:12:49,906 | INFO     | httpx            | HTTP Request: POST https://api.telegram.org/bot8840724271:AAFkI8i_ne1vfUFK2I8gm4BqIfzf-NzZ21k/getUpdates "HTTP/1.1 200 OK"
2026-07-15 21:13:00,261 | INFO     | httpx            | HTTP Request: POST https://api.telegram.org/bot8840724271:AAFkI8i_ne1vfUFK2I8gm4BqIfzf-NzZ21k/getUpdates "HTTP/1.1 200 OK"
2026-07-15 21:13:05,075 | WARNING  | gate_system.pipeline | Кадр не получен — переподключение к камере
2026-07-15 21:13:05,075 | WARNING  | gate_system.camera | Переподключение к камере через 1.0 с: /Users/artemfarniev2013/WebstormProjects/untitled20/car.mp4
2026-07-15 21:13:06,133 | INFO     | gate_system.camera | Камера подключена: /Users/artemfarniev2013/WebstormProjects/untitled20/car.mp4
2026-07-15 21:13:06,133 | INFO     | gate_system.camera | Камера восстановлена
2026-07-15 21:13:10,614 | INFO     | httpx            | HTTP Request: POST https://api.telegram.org/bot8840724271:AAFkI8i_ne1vfUFK2I8gm4BqIfzf-NzZ21k/getUpdates "HTTP/1.1 200 OK"
2026-07-15 21:13:20,970 | INFO     | httpx            | HTTP Request: POST https://api.telegram.org/bot8840724271:AAFkI8i_ne1vfUFK2I8gm4BqIfzf-NzZ21k/getUpdates "HTTP/1.1 200 OK"
2026-07-15 21:13:31,101 | INFO     | httpx            | HTTP Request: POST https://api.telegram.org/bot8840724271:AAFkI8i_ne1vfUFK2I8gm4BqIfzf-NzZ21k/getUpdates "HTTP/1.1 200 OK"
2026-07-15 21:13:41,229 | INFO     | httpx            | HTTP Request: POST https://api.telegram.org/bot8840724271:AAFkI8i_ne1vfUFK2I8gm4BqIfzf-NzZ21k/getUpdates "HTTP/1.1 200 OK"
2026-07-15 21:13:51,371 | INFO     | httpx            | HTTP Request: POST https://api.telegram.org/bot8840724271:AAFkI8i_ne1vfUFK2I8gm4BqIfzf-NzZ21k/getUpdates "HTTP/1.1 200 OK"
2026-07-15 21:14:01,502 | INFO     | httpx            | HTTP Request: POST https://api.telegram.org/bot8840724271:AAFkI8i_ne1vfUFK2I8gm4BqIfzf-NzZ21k/getUpdates "HTTP/1.1 200 OK"
2026-07-15 21:14:11,838 | INFO     | httpx            | HTTP Request: POST https://api.telegram.org/bot8840724271:AAFkI8i_ne1vfUFK2I8gm4BqIfzf-NzZ21k/getUpdates "HTTP/1.1 200 OK"
2026-07-15 21:14:17,296 | INFO     | gate_system.network | NetworkMonitor остановлен
2026-07-15 21:14:17,297 | INFO     | gate_system.watchdog | Watchdog остановлен
2026-07-15 21:14:17,297 | INFO     | gate_system.diagnostics | Самодиагностика остановлена
2026-07-15 21:14:17,298 | INFO     | gate_system.main | Сервис 'network' остановлен
2026-07-15 21:14:17,298 | INFO     | gate_system.main | Сервис 'watchdog' остановлен
2026-07-15 21:14:17,298 | INFO     | gate_system.main | Сервис 'diagnostics' остановлен
2026-07-15 21:14:17,695 | INFO     | gate_system.camera | Камера закрыта
2026-07-15 21:14:17,696 | INFO     | gate_system.pipeline | Пайплайн распознавания остановлен
2026-07-15 21:14:17,696 | INFO     | gate_system.main | Сервис 'vision' остановлен
2026-07-15 21:14:18,875 | INFO     | httpx            | HTTP Request: POST https://api.telegram.org/bot8840724271:AAFkI8i_ne1vfUFK2I8gm4BqIfzf-NzZ21k/getUpdates "HTTP/1.1 200 OK"
2026-07-15 21:14:18,878 | INFO     | telegram.ext.Application | Application is stopping. This might take a moment.
2026-07-15 21:14:18,878 | INFO     | telegram.ext.Application | Application.stop() complete
2026-07-15 21:14:18,880 | INFO     | gate_system.main | Сервис 'telegram' остановлен
2026-07-15 21:14:18,881 | INFO     | gate_system.main | Все сервисы остановлены
2026-07-15 21:14:18,881 | INFO     | gate_system.main | gate_system остановлен
2026-07-15 21:20:54,664 | INFO     | gate_system.main | Запуск gate_system (реле=stub, telegram=вкл)
2026-07-15 21:20:54,838 | INFO     | gate_system.detector | Загрузка модели транспорта: models/yolov8n.pt
2026-07-15 21:20:55,851 | INFO     | gate_system.detector | Модель номеров не задана — распознаю по области автомобиля
2026-07-15 21:20:55,851 | INFO     | gate_system.ocr  | Инициализация EasyOCR (языки=['en', 'ru'], gpu=False)
2026-07-15 21:20:56,594 | WARNING  | easyocr.easyocr  | Using CPU. Note: This module is much faster with a GPU.
2026-07-15 21:20:58,255 | INFO     | gate_system.main | Сервис 'vision' запущен
2026-07-15 21:20:58,255 | INFO     | gate_system.main | Сервис 'network' запущен
2026-07-15 21:20:58,255 | INFO     | gate_system.main | Сервис 'diagnostics' запущен
2026-07-15 21:20:58,255 | INFO     | gate_system.network | NetworkMonitor запущен (интервал 10 с)
2026-07-15 21:20:58,255 | INFO     | gate_system.main | Сервис 'watchdog' запущен
2026-07-15 21:20:58,255 | INFO     | gate_system.diagnostics | Самодиагностика запущена (интервал 60 с)
2026-07-15 21:20:58,255 | INFO     | gate_system.main | Сервис 'telegram' запущен
2026-07-15 21:20:58,255 | INFO     | gate_system.main | Запущены сервисы: vision, network, diagnostics, watchdog, telegram
2026-07-15 21:20:58,256 | INFO     | gate_system.watchdog | Watchdog запущен (таймаут 120 с)
2026-07-15 21:20:58,256 | WARNING  | gate_system.diagnostics | Диагностика: камера не отвечает
2026-07-15 21:20:58,256 | INFO     | gate_system.network | Интернет доступен
2026-07-15 21:20:58,279 | INFO     | gate_system.camera | Камера подключена: /Users/artemfarniev2013/WebstormProjects/untitled20/car.mp4
2026-07-15 21:20:58,279 | INFO     | gate_system.pipeline | Пайплайн распознавания запущен
2026-07-15 21:20:58,380 | INFO     | gate_system.telegram | Telegram-бот запущен
2026-07-15 21:20:58,999 | INFO     | httpx            | HTTP Request: POST https://api.telegram.org/bot8840724271:AAFkI8i_ne1vfUFK2I8gm4BqIfzf-NzZ21k/getMe "HTTP/1.1 200 OK"
2026-07-15 21:20:59,117 | INFO     | httpx            | HTTP Request: POST https://api.telegram.org/bot8840724271:AAFkI8i_ne1vfUFK2I8gm4BqIfzf-NzZ21k/deleteWebhook "HTTP/1.1 200 OK"
2026-07-15 21:20:59,119 | INFO     | telegram.ext.Application | Application started
2026-07-15 21:21:09,648 | INFO     | httpx            | HTTP Request: POST https://api.telegram.org/bot8840724271:AAFkI8i_ne1vfUFK2I8gm4BqIfzf-NzZ21k/getUpdates "HTTP/1.1 200 OK"
2026-07-15 21:21:09,766 | INFO     | gate_system.network | NetworkMonitor остановлен
2026-07-15 21:21:09,766 | INFO     | gate_system.watchdog | Watchdog остановлен
2026-07-15 21:21:09,767 | INFO     | gate_system.diagnostics | Самодиагностика остановлена
2026-07-15 21:21:09,767 | INFO     | gate_system.main | Сервис 'network' остановлен
2026-07-15 21:21:09,767 | INFO     | gate_system.main | Сервис 'watchdog' остановлен
2026-07-15 21:21:09,767 | INFO     | gate_system.main | Сервис 'diagnostics' остановлен
2026-07-15 21:21:11,843 | INFO     | gate_system.camera | Камера закрыта
2026-07-15 21:21:11,843 | INFO     | gate_system.pipeline | Пайплайн распознавания остановлен
2026-07-15 21:21:11,843 | INFO     | gate_system.main | Сервис 'vision' остановлен
2026-07-15 21:21:13,242 | INFO     | httpx            | HTTP Request: POST https://api.telegram.org/bot8840724271:AAFkI8i_ne1vfUFK2I8gm4BqIfzf-NzZ21k/getUpdates "HTTP/1.1 200 OK"
2026-07-15 21:21:13,245 | INFO     | telegram.ext.Application | Application is stopping. This might take a moment.
2026-07-15 21:21:13,245 | INFO     | telegram.ext.Application | Application.stop() complete
2026-07-15 21:21:13,247 | INFO     | gate_system.main | Сервис 'telegram' остановлен
2026-07-15 21:21:13,248 | INFO     | gate_system.main | Все сервисы остановлены
2026-07-15 21:21:13,248 | INFO     | gate_system.main | gate_system остановлен
2026-07-17 00:19:23,914 | INFO     | gate_system.main | Запуск gate_system (реле=stub, telegram=вкл)
2026-07-17 00:19:24,141 | INFO     | gate_system.detector | Загрузка модели транспорта: models/yolov8n.pt
2026-07-17 00:19:25,305 | INFO     | gate_system.detector | Модель номеров не задана — распознаю по области автомобиля
2026-07-17 00:19:25,305 | INFO     | gate_system.ocr  | Движок OCR: Nomeroff-Net
2026-07-17 00:19:25,311 | INFO     | gate_system.main | Сервис 'vision' запущен
2026-07-17 00:19:25,311 | INFO     | gate_system.main | Сервис 'network' запущен
2026-07-17 00:19:25,311 | INFO     | gate_system.main | Сервис 'diagnostics' запущен
2026-07-17 00:19:25,311 | INFO     | gate_system.main | Сервис 'watchdog' запущен
2026-07-17 00:19:25,311 | INFO     | gate_system.main | Сервис 'telegram' запущен
2026-07-17 00:19:25,311 | INFO     | gate_system.main | Запущены сервисы: vision, network, diagnostics, watchdog, telegram
2026-07-17 00:19:25,311 | INFO     | gate_system.network | NetworkMonitor запущен (интервал 10 с)
2026-07-17 00:19:25,311 | INFO     | gate_system.diagnostics | Самодиагностика запущена (интервал 60 с)
2026-07-17 00:19:25,312 | INFO     | gate_system.watchdog | Watchdog запущен (таймаут 120 с)
2026-07-17 00:19:25,312 | ERROR    | gate_system.main | Сервис 'telegram' аварийно завершился
Traceback (most recent call last):
  File "/Users/artemfarniev2013/WebstormProjects/untitled20/gate_system/main.py", line 76, in _run_service
    svc.run_forever()
  File "/Users/artemfarniev2013/WebstormProjects/untitled20/gate_system/main.py", line 40, in run_forever
    self._notifier.run()
  File "/Users/artemfarniev2013/WebstormProjects/untitled20/gate_system/telegram_bot.py", line 361, in run
    from telegram import InlineKeyboardButton, InlineKeyboardMarkup, Update
ModuleNotFoundError: No module named 'telegram'
2026-07-17 00:19:25,312 | INFO     | gate_system.network | Интернет доступен
2026-07-17 00:19:25,312 | INFO     | gate_system.main | Сервис 'telegram' остановлен
2026-07-17 00:19:25,312 | WARNING  | gate_system.main | Вспомогательный сервис 'telegram' остановился — продолжаем без него
2026-07-17 00:19:25,895 | INFO     | gate_system.camera | Камера подключена: /Users/artemfarniev2013/WebstormProjects/untitled20/car.mp4
2026-07-17 00:19:25,899 | WARNING  | gate_system.diagnostics | Диагностика: камера не отвечает
2026-07-17 00:19:25,899 | INFO     | gate_system.pipeline | Пайплайн распознавания запущен
2026-07-17 00:19:28,505 | INFO     | gate_system.ocr.nomeroff | Загрузчик моделей Nomeroff заменён на устойчивый (с докачкой)
2026-07-17 00:19:28,505 | INFO     | gate_system.ocr.nomeroff | Загрузка пайплайна Nomeroff-Net: number_plate_detection_and_reading
2026-07-17 00:19:39,643 | INFO     | gate_system.pipeline | Распознан номер: Т198ТТ197 (conf=1.00)
2026-07-17 00:19:39,650 | INFO     | gate_system.gate | Открытие ворот. Источник: auto
2026-07-17 00:19:39,651 | INFO     | gate_system.relay | StubRelay: импульс 500 мс (замыкание контактов)
2026-07-17 00:19:40,152 | INFO     | gate_system.gate | Ворота открыты (источник=auto)
2026-07-17 00:19:40,154 | INFO     | gate_system.telegram | [telegram offline] ✅ Открыто по номеру Т198ТТ197 | Время: 2026-07-16 21:19:40
2026-07-17 00:19:41,233 | INFO     | gate_system.pipeline | Распознан номер: Т198ТТ197 (conf=1.00)
2026-07-17 00:19:41,238 | INFO     | gate_system.pipeline | Повторное открытие подавлено (anti-replay): Т198ТТ197
2026-07-17 00:19:42,266 | INFO     | gate_system.pipeline | Распознан номер: Т198ТТ197 (conf=1.00)
2026-07-17 00:19:42,271 | INFO     | gate_system.pipeline | Повторное открытие подавлено (anti-replay): Т198ТТ197
2026-07-17 00:19:43,268 | INFO     | gate_system.pipeline | Распознан номер: Т198ТТ197 (conf=1.00)
2026-07-17 00:19:43,273 | INFO     | gate_system.pipeline | Повторное открытие подавлено (anti-replay): Т198ТТ197
2026-07-17 00:19:44,281 | INFO     | gate_system.pipeline | Распознан номер: Т198ТТ197 (conf=1.00)
2026-07-17 00:19:44,286 | INFO     | gate_system.pipeline | Повторное открытие подавлено (anti-replay): Т198ТТ197
2026-07-17 00:19:45,303 | INFO     | gate_system.pipeline | Распознан номер: Т198ТТ197 (conf=1.00)
2026-07-17 00:19:45,308 | INFO     | gate_system.pipeline | Повторное открытие подавлено (anti-replay): Т198ТТ197
2026-07-17 00:19:46,316 | INFO     | gate_system.pipeline | Распознан номер: Т198ТТ197 (conf=1.00)
2026-07-17 00:19:46,321 | INFO     | gate_system.pipeline | Повторное открытие подавлено (anti-replay): Т198ТТ197
2026-07-17 00:19:47,329 | INFO     | gate_system.pipeline | Распознан номер: Т198ТТ197 (conf=1.00)
2026-07-17 00:19:47,333 | INFO     | gate_system.pipeline | Повторное открытие подавлено (anti-replay): Т198ТТ197
2026-07-17 00:19:48,344 | INFO     | gate_system.pipeline | Распознан номер: Т198ТТ197 (conf=1.00)
2026-07-17 00:19:48,348 | INFO     | gate_system.pipeline | Повторное открытие подавлено (anti-replay): Т198ТТ197
2026-07-17 00:19:49,357 | INFO     | gate_system.pipeline | Распознан номер: Т198ТТ197 (conf=1.00)
2026-07-17 00:19:49,362 | INFO     | gate_system.pipeline | Повторное открытие подавлено (anti-replay): Т198ТТ197
2026-07-17 00:19:50,374 | INFO     | gate_system.pipeline | Распознан номер: Т198ТТ197 (conf=1.00)
2026-07-17 00:19:50,382 | INFO     | gate_system.pipeline | Повторное открытие подавлено (anti-replay): Т198ТТ197
2026-07-17 00:19:51,414 | INFO     | gate_system.pipeline | Распознан номер: Т198ТТ197 (conf=1.00)
2026-07-17 00:19:51,418 | INFO     | gate_system.pipeline | Повторное открытие подавлено (anti-replay): Т198ТТ197
2026-07-17 00:19:52,434 | INFO     | gate_system.pipeline | Распознан номер: Т198ТТ197 (conf=1.00)
2026-07-17 00:19:52,439 | INFO     | gate_system.pipeline | Повторное открытие подавлено (anti-replay): Т198ТТ197
2026-07-17 00:19:53,448 | INFO     | gate_system.pipeline | Распознан номер: Т198ТТ197 (conf=1.00)
2026-07-17 00:19:53,453 | INFO     | gate_system.pipeline | Повторное открытие подавлено (anti-replay): Т198ТТ197
2026-07-17 00:19:54,464 | INFO     | gate_system.pipeline | Распознан номер: Т198ТТ197 (conf=1.00)
2026-07-17 00:19:54,469 | INFO     | gate_system.pipeline | Повторное открытие подавлено (anti-replay): Т198ТТ197
2026-07-17 00:19:55,481 | INFO     | gate_system.pipeline | Распознан номер: Т198ТТ197 (conf=1.00)
2026-07-17 00:19:55,487 | INFO     | gate_system.pipeline | Повторное открытие подавлено (anti-replay): Т198ТТ197
2026-07-17 00:19:56,496 | INFO     | gate_system.pipeline | Распознан номер: Т198ТТ197 (conf=1.00)
2026-07-17 00:19:56,501 | INFO     | gate_system.pipeline | Повторное открытие подавлено (anti-replay): Т198ТТ197
2026-07-17 00:19:57,534 | INFO     | gate_system.pipeline | Распознан номер: Т198ТТ197 (conf=1.00)
2026-07-17 00:19:57,540 | INFO     | gate_system.pipeline | Повторное открытие подавлено (anti-replay): Т198ТТ197
2026-07-17 00:20:00,089 | INFO     | gate_system.pipeline | Распознан номер: Т198ТТ197 (conf=1.00)
2026-07-17 00:20:00,097 | INFO     | gate_system.pipeline | Повторное открытие подавлено (anti-replay): Т198ТТ197
2026-07-17 00:20:02,805 | INFO     | gate_system.pipeline | Распознан номер: Т198ТТ197 (conf=1.00)
2026-07-17 00:20:02,816 | INFO     | gate_system.pipeline | Повторное открытие подавлено (anti-replay): Т198ТТ197
2026-07-17 00:20:05,667 | INFO     | gate_system.pipeline | Распознан номер: Т198ТТ197 (conf=1.00)
2026-07-17 00:20:05,676 | INFO     | gate_system.pipeline | Повторное открытие подавлено (anti-replay): Т198ТТ197
2026-07-17 00:20:08,085 | INFO     | gate_system.pipeline | Распознан номер: Т198ТТ197 (conf=1.00)
2026-07-17 00:20:08,094 | INFO     | gate_system.pipeline | Повторное открытие подавлено (anti-replay): Т198ТТ197
2026-07-17 00:20:10,613 | INFO     | gate_system.pipeline | Распознан номер: Т198ТТ197 (conf=1.00)
2026-07-17 00:20:10,623 | INFO     | gate_system.gate | Открытие ворот. Источник: auto
2026-07-17 00:20:10,623 | INFO     | gate_system.relay | StubRelay: импульс 500 мс (замыкание контактов)
2026-07-17 00:20:11,127 | INFO     | gate_system.gate | Ворота открыты (источник=auto)
2026-07-17 00:20:11,130 | INFO     | gate_system.telegram | [telegram offline] ✅ Открыто по номеру Т198ТТ197 | Время: 2026-07-16 21:20:11
2026-07-17 00:20:13,501 | INFO     | gate_system.pipeline | Распознан номер: Т198ТТ197 (conf=1.00)
2026-07-17 00:20:13,510 | INFO     | gate_system.pipeline | Повторное открытие подавлено (anti-replay): Т198ТТ197
2026-07-17 00:20:15,957 | INFO     | gate_system.pipeline | Распознан номер: Т198ТТ197 (conf=1.00)
2026-07-17 00:20:15,965 | INFO     | gate_system.pipeline | Повторное открытие подавлено (anti-replay): Т198ТТ197
2026-07-17 00:20:18,157 | INFO     | gate_system.pipeline | Распознан номер: Т198ТТ197 (conf=1.00)
2026-07-17 00:20:18,164 | INFO     | gate_system.pipeline | Повторное открытие подавлено (anti-replay): Т198ТТ197
2026-07-17 00:20:20,354 | INFO     | gate_system.pipeline | Распознан номер: Т198ТТ197 (conf=1.00)
2026-07-17 00:20:20,363 | INFO     | gate_system.pipeline | Повторное открытие подавлено (anti-replay): Т198ТТ197
2026-07-17 00:20:22,576 | INFO     | gate_system.pipeline | Распознан номер: Т198ТТ197 (conf=1.00)
2026-07-17 00:20:22,584 | INFO     | gate_system.pipeline | Повторное открытие подавлено (anti-replay): Т198ТТ197
2026-07-17 00:20:24,919 | INFO     | gate_system.pipeline | Распознан номер: Т198ТТ197 (conf=1.00)
2026-07-17 00:20:24,926 | INFO     | gate_system.pipeline | Повторное открытие подавлено (anti-replay): Т198ТТ197
2026-07-17 00:20:27,106 | INFO     | gate_system.pipeline | Распознан номер: Т198ТТ197 (conf=1.00)
2026-07-17 00:20:27,116 | INFO     | gate_system.pipeline | Повторное открытие подавлено (anti-replay): Т198ТТ197
2026-07-17 00:20:29,583 | INFO     | gate_system.pipeline | Распознан номер: Т198ТТ197 (conf=1.00)
2026-07-17 00:20:29,595 | INFO     | gate_system.pipeline | Повторное открытие подавлено (anti-replay): Т198ТТ197
2026-07-17 00:20:29,596 | WARNING  | gate_system.pipeline | Кадр не получен — переподключение к камере
2026-07-17 00:20:29,596 | WARNING  | gate_system.camera | Переподключение к камере через 1.0 с: /Users/artemfarniev2013/WebstormProjects/untitled20/car.mp4
2026-07-17 00:20:30,631 | INFO     | gate_system.camera | Камера подключена: /Users/artemfarniev2013/WebstormProjects/untitled20/car.mp4
2026-07-17 00:20:30,631 | INFO     | gate_system.camera | Камера восстановлена
2026-07-17 00:20:32,930 | INFO     | gate_system.pipeline | Распознан номер: Т198ТТ197 (conf=1.00)
2026-07-17 00:20:32,937 | INFO     | gate_system.pipeline | Повторное открытие подавлено (anti-replay): Т198ТТ197
2026-07-17 00:20:34,340 | INFO     | gate_system.pipeline | Распознан номер: Т198ТТ197 (conf=1.00)
2026-07-17 00:20:34,346 | INFO     | gate_system.pipeline | Повторное открытие подавлено (anti-replay): Т198ТТ197
2026-07-17 00:20:35,688 | INFO     | gate_system.pipeline | Распознан номер: Т198ТТ197 (conf=1.00)
2026-07-17 00:20:35,693 | INFO     | gate_system.pipeline | Повторное открытие подавлено (anti-replay): Т198ТТ197
2026-07-17 00:20:37,026 | INFO     | gate_system.pipeline | Распознан номер: Т198ТТ197 (conf=1.00)
2026-07-17 00:20:37,031 | INFO     | gate_system.pipeline | Повторное открытие подавлено (anti-replay): Т198ТТ197
2026-07-17 00:20:38,398 | INFO     | gate_system.pipeline | Распознан номер: Т198ТТ197 (conf=1.00)
2026-07-17 00:20:38,409 | INFO     | gate_system.pipeline | Повторное открытие подавлено (anti-replay): Т198ТТ197
2026-07-17 00:20:39,861 | INFO     | gate_system.pipeline | Распознан номер: Т198ТТ197 (conf=1.00)
2026-07-17 00:20:39,868 | INFO     | gate_system.pipeline | Повторное открытие подавлено (anti-replay): Т198ТТ197
2026-07-17 00:20:41,268 | INFO     | gate_system.pipeline | Распознан номер: Т198ТТ197 (conf=1.00)
2026-07-17 00:20:41,276 | INFO     | gate_system.gate | Открытие ворот. Источник: auto
2026-07-17 00:20:41,276 | INFO     | gate_system.relay | StubRelay: импульс 500 мс (замыкание контактов)
2026-07-17 00:20:41,777 | INFO     | gate_system.gate | Ворота открыты (источник=auto)
2026-07-17 00:20:41,779 | INFO     | gate_system.telegram | [telegram offline] ✅ Открыто по номеру Т198ТТ197 | Время: 2026-07-16 21:20:41
2026-07-17 00:20:43,450 | INFO     | gate_system.pipeline | Распознан номер: Т198ТТ197 (conf=1.00)
2026-07-17 00:20:43,458 | INFO     | gate_system.pipeline | Повторное открытие подавлено (anti-replay): Т198ТТ197
2026-07-17 00:20:45,361 | INFO     | gate_system.pipeline | Распознан номер: Т198ТТ197 (conf=1.00)
2026-07-17 00:20:45,370 | INFO     | gate_system.pipeline | Повторное открытие подавлено (anti-replay): Т198ТТ197
2026-07-17 00:20:46,777 | INFO     | gate_system.pipeline | Распознан номер: Т198ТТ197 (conf=1.00)
2026-07-17 00:20:46,784 | INFO     | gate_system.pipeline | Повторное открытие подавлено (anti-replay): Т198ТТ197
2026-07-17 00:20:48,214 | INFO     | gate_system.pipeline | Распознан номер: Т198ТТ197 (conf=1.00)
2026-07-17 00:20:48,223 | INFO     | gate_system.pipeline | Повторное открытие подавлено (anti-replay): Т198ТТ197
2026-07-17 00:20:51,298 | INFO     | gate_system.pipeline | Распознан номер: Т198ТТ197 (conf=1.00)
2026-07-17 00:20:51,307 | INFO     | gate_system.pipeline | Повторное открытие подавлено (anti-replay): Т198ТТ197
2026-07-17 00:20:53,828 | INFO     | gate_system.pipeline | Распознан номер: Т198ТТ197 (conf=1.00)
2026-07-17 00:20:53,838 | INFO     | gate_system.pipeline | Повторное открытие подавлено (anti-replay): Т198ТТ197
2026-07-17 00:20:56,716 | INFO     | gate_system.pipeline | Распознан номер: Т198ТТ197 (conf=1.00)
2026-07-17 00:20:56,723 | INFO     | gate_system.pipeline | Повторное открытие подавлено (anti-replay): Т198ТТ197
2026-07-17 00:20:59,568 | INFO     | gate_system.pipeline | Распознан номер: Т198ТТ197 (conf=1.00)
2026-07-17 00:20:59,576 | INFO     | gate_system.pipeline | Повторное открытие подавлено (anti-replay): Т198ТТ197
2026-07-17 00:21:02,034 | INFO     | gate_system.pipeline | Распознан номер: Т198ТТ197 (conf=1.00)
2026-07-17 00:21:02,042 | INFO     | gate_system.pipeline | Повторное открытие подавлено (anti-replay): Т198ТТ197
2026-07-17 00:21:04,600 | INFO     | gate_system.pipeline | Распознан номер: Т198ТТ197 (conf=1.00)
2026-07-17 00:21:04,612 | INFO     | gate_system.pipeline | Повторное открытие подавлено (anti-replay): Т198ТТ197
2026-07-17 00:21:07,242 | INFO     | gate_system.pipeline | Распознан номер: Т198ТТ197 (conf=1.00)
2026-07-17 00:21:07,252 | INFO     | gate_system.pipeline | Повторное открытие подавлено (anti-replay): Т198ТТ197
2026-07-17 00:21:10,478 | INFO     | gate_system.pipeline | Распознан номер: Т198ТТ197 (conf=1.00)
2026-07-17 00:21:10,489 | INFO     | gate_system.pipeline | Повторное открытие подавлено (anti-replay): Т198ТТ197
2026-07-17 00:21:13,758 | INFO     | gate_system.pipeline | Распознан номер: Т198ТТ197 (conf=1.00)
2026-07-17 00:21:13,767 | INFO     | gate_system.gate | Открытие ворот. Источник: auto
2026-07-17 00:21:13,767 | INFO     | gate_system.relay | StubRelay: импульс 500 мс (замыкание контактов)
2026-07-17 00:21:14,271 | INFO     | gate_system.gate | Ворота открыты (источник=auto)
2026-07-17 00:21:14,273 | INFO     | gate_system.telegram | [telegram offline] ✅ Открыто по номеру Т198ТТ197 | Время: 2026-07-16 21:21:14
2026-07-17 00:21:16,996 | INFO     | gate_system.pipeline | Распознан номер: Т198ТТ197 (conf=1.00)
2026-07-17 00:21:17,006 | INFO     | gate_system.pipeline | Повторное открытие подавлено (anti-replay): Т198ТТ197
2026-07-17 00:21:19,745 | INFO     | gate_system.pipeline | Распознан номер: Т198ТТ197 (conf=1.00)
2026-07-17 00:21:19,752 | INFO     | gate_system.pipeline | Повторное открытие подавлено (anti-replay): Т198ТТ197
2026-07-17 00:21:22,144 | INFO     | gate_system.pipeline | Распознан номер: Т198ТТ197 (conf=1.00)
2026-07-17 00:21:22,154 | INFO     | gate_system.pipeline | Повторное открытие подавлено (anti-replay): Т198ТТ197
2026-07-17 00:21:24,723 | INFO     | gate_system.pipeline | Распознан номер: Т198ТТ197 (conf=1.00)
2026-07-17 00:21:24,733 | INFO     | gate_system.pipeline | Повторное открытие подавлено (anti-replay): Т198ТТ197
2026-07-17 00:21:27,273 | INFO     | gate_system.pipeline | Распознан номер: Т198ТТ197 (conf=1.00)
2026-07-17 00:21:27,287 | INFO     | gate_system.pipeline | Повторное открытие подавлено (anti-replay): Т198ТТ197
2026-07-17 00:21:29,714 | INFO     | gate_system.pipeline | Распознан номер: Т198ТТ197 (conf=1.00)
2026-07-17 00:21:29,721 | INFO     | gate_system.pipeline | Повторное открытие подавлено (anti-replay): Т198ТТ197
2026-07-17 00:21:32,041 | INFO     | gate_system.pipeline | Распознан номер: Т198ТТ197 (conf=1.00)
2026-07-17 00:21:32,050 | INFO     | gate_system.pipeline | Повторное открытие подавлено (anti-replay): Т198ТТ197
2026-07-17 00:21:34,500 | INFO     | gate_system.pipeline | Распознан номер: Т198ТТ197 (conf=1.00)
2026-07-17 00:21:34,509 | INFO     | gate_system.pipeline | Повторное открытие подавлено (anti-replay): Т198ТТ197
2026-07-17 00:21:36,972 | INFO     | gate_system.pipeline | Распознан номер: Т198ТТ197 (conf=1.00)
2026-07-17 00:21:36,979 | INFO     | gate_system.pipeline | Повторное открытие подавлено (anti-replay): Т198ТТ197
2026-07-17 00:21:39,342 | INFO     | gate_system.pipeline | Распознан номер: Т198ТТ197 (conf=1.00)
2026-07-17 00:21:39,354 | INFO     | gate_system.pipeline | Повторное открытие подавлено (anti-replay): Т198ТТ197
2026-07-17 00:21:41,657 | INFO     | gate_system.pipeline | Распознан номер: Т198ТТ197 (conf=1.00)
2026-07-17 00:21:41,664 | INFO     | gate_system.pipeline | Повторное открытие подавлено (anti-replay): Т198ТТ197
2026-07-17 00:21:41,666 | WARNING  | gate_system.pipeline | Кадр не получен — переподключение к камере
2026-07-17 00:21:41,666 | WARNING  | gate_system.camera | Переподключение к камере через 1.0 с: /Users/artemfarniev2013/WebstormProjects/untitled20/car.mp4
2026-07-17 00:21:42,687 | INFO     | gate_system.camera | Камера подключена: /Users/artemfarniev2013/WebstormProjects/untitled20/car.mp4
2026-07-17 00:21:42,687 | INFO     | gate_system.camera | Камера восстановлена
2026-07-17 00:21:44,999 | INFO     | gate_system.pipeline | Распознан номер: Т198ТТ197 (conf=1.00)
2026-07-17 00:21:45,008 | INFO     | gate_system.gate | Открытие ворот. Источник: auto
2026-07-17 00:21:45,008 | INFO     | gate_system.relay | StubRelay: импульс 500 мс (замыкание контактов)
2026-07-17 00:21:45,513 | INFO     | gate_system.gate | Ворота открыты (источник=auto)
2026-07-17 00:21:45,517 | INFO     | gate_system.telegram | [telegram offline] ✅ Открыто по номеру Т198ТТ197 | Время: 2026-07-16 21:21:45
2026-07-17 00:21:47,867 | INFO     | gate_system.pipeline | Распознан номер: Т198ТТ197 (conf=1.00)
2026-07-17 00:21:47,875 | INFO     | gate_system.pipeline | Повторное открытие подавлено (anti-replay): Т198ТТ197
2026-07-17 00:21:50,261 | INFO     | gate_system.pipeline | Распознан номер: Т198ТТ197 (conf=1.00)
2026-07-17 00:21:50,271 | INFO     | gate_system.pipeline | Повторное открытие подавлено (anti-replay): Т198ТТ197
2026-07-17 00:21:52,531 | INFO     | gate_system.pipeline | Распознан номер: Т198ТТ197 (conf=1.00)
2026-07-17 00:21:52,540 | INFO     | gate_system.pipeline | Повторное открытие подавлено (anti-replay): Т198ТТ197
2026-07-17 00:21:54,995 | INFO     | gate_system.pipeline | Распознан номер: Т198ТТ197 (conf=1.00)
2026-07-17 00:21:55,004 | INFO     | gate_system.pipeline | Повторное открытие подавлено (anti-replay): Т198ТТ197
2026-07-17 00:21:59,252 | INFO     | gate_system.pipeline | Распознан номер: Т198ТТ197 (conf=1.00)
2026-07-17 00:21:59,263 | INFO     | gate_system.pipeline | Повторное открытие подавлено (anti-replay): Т198ТТ197
2026-07-17 00:22:02,058 | INFO     | gate_system.pipeline | Распознан номер: Т198ТТ197 (conf=1.00)
2026-07-17 00:22:02,069 | INFO     | gate_system.pipeline | Повторное открытие подавлено (anti-replay): Т198ТТ197
2026-07-17 00:22:03,789 | INFO     | gate_system.pipeline | Распознан номер: Т198ТТ197 (conf=1.00)
2026-07-17 00:22:03,796 | INFO     | gate_system.pipeline | Повторное открытие подавлено (anti-replay): Т198ТТ197
2026-07-17 00:22:05,296 | INFO     | gate_system.pipeline | Распознан номер: Т198ТТ197 (conf=1.00)
2026-07-17 00:22:05,302 | INFO     | gate_system.pipeline | Повторное открытие подавлено (anti-replay): Т198ТТ197
2026-07-17 00:22:06,919 | INFO     | gate_system.pipeline | Распознан номер: Т198ТТ197 (conf=1.00)
2026-07-17 00:22:06,927 | INFO     | gate_system.pipeline | Повторное открытие подавлено (anti-replay): Т198ТТ197
2026-07-17 00:22:08,668 | INFO     | gate_system.pipeline | Распознан номер: Т198ТТ197 (conf=1.00)
2026-07-17 00:22:08,674 | INFO     | gate_system.pipeline | Повторное открытие подавлено (anti-replay): Т198ТТ197
2026-07-17 00:22:10,597 | INFO     | gate_system.pipeline | Распознан номер: Т198ТТ197 (conf=1.00)
2026-07-17 00:22:10,604 | INFO     | gate_system.pipeline | Повторное открытие подавлено (anti-replay): Т198ТТ197
2026-07-17 00:22:11,982 | INFO     | gate_system.pipeline | Распознан номер: Т198ТТ197 (conf=1.00)
2026-07-17 00:22:11,987 | INFO     | gate_system.pipeline | Повторное открытие подавлено (anti-replay): Т198ТТ197
2026-07-17 00:22:13,372 | INFO     | gate_system.pipeline | Распознан номер: Т198ТТ197 (conf=1.00)
2026-07-17 00:22:13,379 | INFO     | gate_system.pipeline | Повторное открытие подавлено (anti-replay): Т198ТТ197
2026-07-17 00:22:14,946 | INFO     | gate_system.pipeline | Распознан номер: Т198ТТ197 (conf=1.00)
2026-07-17 00:22:14,953 | INFO     | gate_system.pipeline | Повторное открытие подавлено (anti-replay): Т198ТТ197
2026-07-17 00:22:16,375 | INFO     | gate_system.pipeline | Распознан номер: Т198ТТ197 (conf=1.00)
2026-07-17 00:22:16,381 | INFO     | gate_system.gate | Открытие ворот. Источник: auto
2026-07-17 00:22:16,381 | INFO     | gate_system.relay | StubRelay: импульс 500 мс (замыкание контактов)
2026-07-17 00:22:16,887 | INFO     | gate_system.gate | Ворота открыты (источник=auto)
2026-07-17 00:22:16,888 | INFO     | gate_system.telegram | [telegram offline] ✅ Открыто по номеру Т198ТТ197 | Время: 2026-07-16 21:22:16
2026-07-17 00:22:18,314 | INFO     | gate_system.pipeline | Распознан номер: Т198ТТ197 (conf=1.00)
2026-07-17 00:22:18,321 | INFO     | gate_system.pipeline | Повторное открытие подавлено (anti-replay): Т198ТТ197
2026-07-17 00:22:19,708 | INFO     | gate_system.pipeline | Распознан номер: Т198ТТ197 (conf=1.00)
2026-07-17 00:22:19,714 | INFO     | gate_system.pipeline | Повторное открытие подавлено (anti-replay): Т198ТТ197
2026-07-17 00:22:21,120 | INFO     | gate_system.pipeline | Распознан номер: Т198ТТ197 (conf=1.00)
2026-07-17 00:22:21,128 | INFO     | gate_system.pipeline | Повторное открытие подавлено (anti-replay): Т198ТТ197
2026-07-17 00:22:22,520 | INFO     | gate_system.pipeline | Распознан номер: Т198ТТ197 (conf=1.00)
2026-07-17 00:22:22,526 | INFO     | gate_system.pipeline | Повторное открытие подавлено (anti-replay): Т198ТТ197
2026-07-17 00:22:23,933 | INFO     | gate_system.pipeline | Распознан номер: Т198ТТ197 (conf=1.00)
2026-07-17 00:22:23,947 | INFO     | gate_system.pipeline | Повторное открытие подавлено (anti-replay): Т198ТТ197
2026-07-17 00:22:25,397 | INFO     | gate_system.pipeline | Распознан номер: Т198ТТ197 (conf=1.00)
2026-07-17 00:22:25,403 | INFO     | gate_system.pipeline | Повторное открытие подавлено (anti-replay): Т198ТТ197
2026-07-17 00:22:26,845 | INFO     | gate_system.pipeline | Распознан номер: Т198ТТ197 (conf=1.00)
2026-07-17 00:22:26,852 | INFO     | gate_system.pipeline | Повторное открытие подавлено (anti-replay): Т198ТТ197
2026-07-17 00:22:28,294 | INFO     | gate_system.pipeline | Распознан номер: Т198ТТ197 (conf=1.00)
2026-07-17 00:22:28,300 | INFO     | gate_system.pipeline | Повторное открытие подавлено (anti-replay): Т198ТТ197
2026-07-17 00:22:29,793 | INFO     | gate_system.pipeline | Распознан номер: Т198ТТ197 (conf=1.00)
2026-07-17 00:22:29,799 | INFO     | gate_system.pipeline | Повторное открытие подавлено (anti-replay): Т198ТТ197
2026-07-17 00:22:31,208 | INFO     | gate_system.pipeline | Распознан номер: Т198ТТ197 (conf=1.00)
2026-07-17 00:22:31,224 | INFO     | gate_system.pipeline | Повторное открытие подавлено (anti-replay): Т198ТТ197
2026-07-17 00:22:32,571 | INFO     | gate_system.pipeline | Распознан номер: Т198ТТ197 (conf=1.00)
2026-07-17 00:22:32,577 | INFO     | gate_system.pipeline | Повторное открытие подавлено (anti-replay): Т198ТТ197
2026-07-17 00:22:33,977 | INFO     | gate_system.pipeline | Распознан номер: Т198ТТ197 (conf=1.00)
2026-07-17 00:22:33,983 | INFO     | gate_system.pipeline | Повторное открытие подавлено (anti-replay): Т198ТТ197
2026-07-17 00:22:35,359 | INFO     | gate_system.pipeline | Распознан номер: Т198ТТ197 (conf=1.00)
2026-07-17 00:22:35,365 | INFO     | gate_system.pipeline | Повторное открытие подавлено (anti-replay): Т198ТТ197
2026-07-17 00:22:36,772 | INFO     | gate_system.pipeline | Распознан номер: Т198ТТ197 (conf=1.00)
2026-07-17 00:22:36,779 | INFO     | gate_system.pipeline | Повторное открытие подавлено (anti-replay): Т198ТТ197
2026-07-17 00:22:38,205 | INFO     | gate_system.pipeline | Распознан номер: Т198ТТ197 (conf=1.00)
2026-07-17 00:22:38,213 | INFO     | gate_system.pipeline | Повторное открытие подавлено (anti-replay): Т198ТТ197
2026-07-17 00:22:38,214 | WARNING  | gate_system.pipeline | Кадр не получен — переподключение к камере
2026-07-17 00:22:38,215 | WARNING  | gate_system.camera | Переподключение к камере через 1.0 с: /Users/artemfarniev2013/WebstormProjects/untitled20/car.mp4
2026-07-17 00:22:39,258 | INFO     | gate_system.camera | Камера подключена: /Users/artemfarniev2013/WebstormProjects/untitled20/car.mp4
2026-07-17 00:22:39,258 | INFO     | gate_system.camera | Камера восстановлена
2026-07-17 00:22:40,747 | INFO     | gate_system.pipeline | Распознан номер: Т198ТТ197 (conf=1.00)
2026-07-17 00:22:40,753 | INFO     | gate_system.pipeline | Повторное открытие подавлено (anti-replay): Т198ТТ197
2026-07-17 00:22:42,251 | INFO     | gate_system.pipeline | Распознан номер: Т198ТТ197 (conf=1.00)
2026-07-17 00:22:42,259 | INFO     | gate_system.pipeline | Повторное открытие подавлено (anti-replay): Т198ТТ197
2026-07-17 00:22:43,728 | INFO     | gate_system.pipeline | Распознан номер: Т198ТТ197 (conf=1.00)
2026-07-17 00:22:43,734 | INFO     | gate_system.pipeline | Повторное открытие подавлено (anti-replay): Т198ТТ197
2026-07-17 00:22:45,164 | INFO     | gate_system.pipeline | Распознан номер: Т198ТТ197 (conf=1.00)
2026-07-17 00:22:45,170 | INFO     | gate_system.pipeline | Повторное открытие подавлено (anti-replay): Т198ТТ197
2026-07-17 00:22:46,546 | INFO     | gate_system.pipeline | Распознан номер: Т198ТТ197 (conf=1.00)
2026-07-17 00:22:46,554 | INFO     | gate_system.pipeline | Повторное открытие подавлено (anti-replay): Т198ТТ197
2026-07-17 00:22:48,041 | INFO     | gate_system.pipeline | Распознан номер: Т198ТТ197 (conf=1.00)
2026-07-17 00:22:48,050 | INFO     | gate_system.gate | Открытие ворот. Источник: auto
2026-07-17 00:22:48,050 | INFO     | gate_system.relay | StubRelay: импульс 500 мс (замыкание контактов)
2026-07-17 00:22:48,555 | INFO     | gate_system.gate | Ворота открыты (источник=auto)
2026-07-17 00:22:48,557 | INFO     | gate_system.telegram | [telegram offline] ✅ Открыто по номеру Т198ТТ197 | Время: 2026-07-16 21:22:48
2026-07-17 00:22:49,984 | INFO     | gate_system.pipeline | Распознан номер: Т198ТТ197 (conf=1.00)
2026-07-17 00:22:49,995 | INFO     | gate_system.pipeline | Повторное открытие подавлено (anti-replay): Т198ТТ197
2026-07-17 00:22:51,395 | INFO     | gate_system.pipeline | Распознан номер: Т198ТТ197 (conf=1.00)
2026-07-17 00:22:51,401 | INFO     | gate_system.pipeline | Повторное открытие подавлено (anti-replay): Т198ТТ197
2026-07-17 00:22:52,812 | INFO     | gate_system.pipeline | Распознан номер: Т198ТТ197 (conf=1.00)
2026-07-17 00:22:52,822 | INFO     | gate_system.pipeline | Повторное открытие подавлено (anti-replay): Т198ТТ197
2026-07-17 00:22:54,212 | INFO     | gate_system.pipeline | Распознан номер: Т198ТТ197 (conf=1.00)
2026-07-17 00:22:54,225 | INFO     | gate_system.pipeline | Повторное открытие подавлено (anti-replay): Т198ТТ197
2026-07-17 00:22:55,640 | INFO     | gate_system.pipeline | Распознан номер: Т198ТТ197 (conf=1.00)
2026-07-17 00:22:55,653 | INFO     | gate_system.pipeline | Повторное открытие подавлено (anti-replay): Т198ТТ197
2026-07-17 00:22:57,017 | INFO     | gate_system.pipeline | Распознан номер: Т198ТТ197 (conf=1.00)
2026-07-17 00:22:57,024 | INFO     | gate_system.pipeline | Повторное открытие подавлено (anti-replay): Т198ТТ197
2026-07-17 00:22:58,436 | INFO     | gate_system.pipeline | Распознан номер: Т198ТТ197 (conf=1.00)
2026-07-17 00:22:58,445 | INFO     | gate_system.pipeline | Повторное открытие подавлено (anti-replay): Т198ТТ197
2026-07-17 00:22:59,824 | INFO     | gate_system.pipeline | Распознан номер: Т198ТТ197 (conf=1.00)
2026-07-17 00:22:59,834 | INFO     | gate_system.pipeline | Повторное открытие подавлено (anti-replay): Т198ТТ197
2026-07-17 00:23:01,294 | INFO     | gate_system.pipeline | Распознан номер: Т198ТТ197 (conf=1.00)
2026-07-17 00:23:01,305 | INFO     | gate_system.pipeline | Повторное открытие подавлено (anti-replay): Т198ТТ197
2026-07-17 00:23:02,716 | INFO     | gate_system.pipeline | Распознан номер: Т198ТТ197 (conf=1.00)
2026-07-17 00:23:02,725 | INFO     | gate_system.pipeline | Повторное открытие подавлено (anti-replay): Т198ТТ197
2026-07-17 00:23:04,165 | INFO     | gate_system.pipeline | Распознан номер: Т198ТТ197 (conf=1.00)
2026-07-17 00:23:04,172 | INFO     | gate_system.pipeline | Повторное открытие подавлено (anti-replay): Т198ТТ197
2026-07-17 00:23:05,618 | INFO     | gate_system.pipeline | Распознан номер: Т198ТТ197 (conf=1.00)
2026-07-17 00:23:05,624 | INFO     | gate_system.pipeline | Повторное открытие подавлено (anti-replay): Т198ТТ197
2026-07-17 00:23:07,039 | INFO     | gate_system.pipeline | Распознан номер: Т198ТТ197 (conf=1.00)
2026-07-17 00:23:07,050 | INFO     | gate_system.pipeline | Повторное открытие подавлено (anti-replay): Т198ТТ197
2026-07-17 00:23:08,418 | INFO     | gate_system.pipeline | Распознан номер: Т198ТТ197 (conf=1.00)
2026-07-17 00:23:08,431 | INFO     | gate_system.pipeline | Повторное открытие подавлено (anti-replay): Т198ТТ197
2026-07-17 00:23:09,886 | INFO     | gate_system.pipeline | Распознан номер: Т198ТТ197 (conf=1.00)
2026-07-17 00:23:09,894 | INFO     | gate_system.pipeline | Повторное открытие подавлено (anti-replay): Т198ТТ197
2026-07-17 00:23:11,304 | INFO     | gate_system.pipeline | Распознан номер: Т198ТТ197 (conf=1.00)
2026-07-17 00:23:11,318 | INFO     | gate_system.pipeline | Повторное открытие подавлено (anti-replay): Т198ТТ197
2026-07-17 00:23:12,700 | INFO     | gate_system.pipeline | Распознан номер: Т198ТТ197 (conf=1.00)
2026-07-17 00:23:12,710 | INFO     | gate_system.pipeline | Повторное открытие подавлено (anti-replay): Т198ТТ197
2026-07-17 00:23:14,233 | INFO     | gate_system.pipeline | Распознан номер: Т198ТТ197 (conf=1.00)
2026-07-17 00:23:14,241 | INFO     | gate_system.pipeline | Повторное открытие подавлено (anti-replay): Т198ТТ197
2026-07-17 00:23:15,689 | INFO     | gate_system.pipeline | Распознан номер: Т198ТТ197 (conf=1.00)
2026-07-17 00:23:15,700 | INFO     | gate_system.pipeline | Повторное открытие подавлено (anti-replay): Т198ТТ197
2026-07-17 00:23:17,107 | INFO     | gate_system.pipeline | Распознан номер: Т198ТТ197 (conf=1.00)
2026-07-17 00:23:17,116 | INFO     | gate_system.pipeline | Повторное открытие подавлено (anti-replay): Т198ТТ197
2026-07-17 00:23:18,537 | INFO     | gate_system.pipeline | Распознан номер: Т198ТТ197 (conf=1.00)
2026-07-17 00:23:18,543 | INFO     | gate_system.pipeline | Повторное открытие подавлено (anti-replay): Т198ТТ197
2026-07-17 00:23:19,914 | INFO     | gate_system.pipeline | Распознан номер: Т198ТТ197 (conf=1.00)
2026-07-17 00:23:19,920 | INFO     | gate_system.gate | Открытие ворот. Источник: auto
2026-07-17 00:23:19,920 | INFO     | gate_system.relay | StubRelay: импульс 500 мс (замыкание контактов)
2026-07-17 00:23:20,422 | INFO     | gate_system.gate | Ворота открыты (источник=auto)
2026-07-17 00:23:20,426 | INFO     | gate_system.telegram | [telegram offline] ✅ Открыто по номеру Т198ТТ197 | Время: 2026-07-16 21:23:20
2026-07-17 00:23:21,831 | INFO     | gate_system.pipeline | Распознан номер: Т198ТТ197 (conf=1.00)
2026-07-17 00:23:21,841 | INFO     | gate_system.pipeline | Повторное открытие подавлено (anti-replay): Т198ТТ197
2026-07-17 00:23:23,299 | INFO     | gate_system.pipeline | Распознан номер: Т198ТТ197 (conf=1.00)
2026-07-17 00:23:23,313 | INFO     | gate_system.pipeline | Повторное открытие подавлено (anti-replay): Т198ТТ197
2026-07-17 00:23:24,723 | INFO     | gate_system.pipeline | Распознан номер: Т198ТТ197 (conf=1.00)
2026-07-17 00:23:24,730 | INFO     | gate_system.pipeline | Повторное открытие подавлено (anti-replay): Т198ТТ197
2026-07-17 00:23:24,732 | WARNING  | gate_system.pipeline | Кадр не получен — переподключение к камере
2026-07-17 00:23:24,732 | WARNING  | gate_system.camera | Переподключение к камере через 1.0 с: /Users/artemfarniev2013/WebstormProjects/untitled20/car.mp4
2026-07-17 00:23:25,774 | INFO     | gate_system.camera | Камера подключена: /Users/artemfarniev2013/WebstormProjects/untitled20/car.mp4
2026-07-17 00:23:25,774 | INFO     | gate_system.camera | Камера восстановлена
2026-07-17 00:23:27,213 | INFO     | gate_system.pipeline | Распознан номер: Т198ТТ197 (conf=1.00)
2026-07-17 00:23:27,219 | INFO     | gate_system.pipeline | Повторное открытие подавлено (anti-replay): Т198ТТ197
2026-07-17 00:23:28,729 | INFO     | gate_system.pipeline | Распознан номер: Т198ТТ197 (conf=1.00)
2026-07-17 00:23:28,740 | INFO     | gate_system.pipeline | Повторное открытие подавлено (anti-replay): Т198ТТ197
2026-07-17 00:23:30,219 | INFO     | gate_system.pipeline | Распознан номер: Т198ТТ197 (conf=1.00)
2026-07-17 00:23:30,229 | INFO     | gate_system.pipeline | Повторное открытие подавлено (anti-replay): Т198ТТ197
2026-07-17 00:23:31,640 | INFO     | gate_system.pipeline | Распознан номер: Т198ТТ197 (conf=1.00)
2026-07-17 00:23:31,652 | INFO     | gate_system.pipeline | Повторное открытие подавлено (anti-replay): Т198ТТ197
2026-07-17 00:23:33,090 | INFO     | gate_system.pipeline | Распознан номер: Т198ТТ197 (conf=1.00)
2026-07-17 00:23:33,097 | INFO     | gate_system.pipeline | Повторное открытие подавлено (anti-replay): Т198ТТ197
2026-07-17 00:23:34,471 | INFO     | gate_system.pipeline | Распознан номер: Т198ТТ197 (conf=1.00)
2026-07-17 00:23:34,478 | INFO     | gate_system.pipeline | Повторное открытие подавлено (anti-replay): Т198ТТ197
2026-07-17 00:23:35,912 | INFO     | gate_system.pipeline | Распознан номер: Т198ТТ197 (conf=1.00)
2026-07-17 00:23:35,922 | INFO     | gate_system.pipeline | Повторное открытие подавлено (anti-replay): Т198ТТ197
2026-07-17 00:23:37,317 | INFO     | gate_system.pipeline | Распознан номер: Т198ТТ197 (conf=1.00)
2026-07-17 00:23:37,324 | INFO     | gate_system.pipeline | Повторное открытие подавлено (anti-replay): Т198ТТ197
2026-07-17 00:23:38,750 | INFO     | gate_system.pipeline | Распознан номер: Т198ТТ197 (conf=1.00)
2026-07-17 00:23:38,761 | INFO     | gate_system.pipeline | Повторное открытие подавлено (anti-replay): Т198ТТ197
2026-07-17 00:23:40,125 | INFO     | gate_system.pipeline | Распознан номер: Т198ТТ197 (conf=1.00)
2026-07-17 00:23:40,136 | INFO     | gate_system.pipeline | Повторное открытие подавлено (anti-replay): Т198ТТ197
2026-07-17 00:23:41,587 | INFO     | gate_system.pipeline | Распознан номер: Т198ТТ197 (conf=1.00)
2026-07-17 00:23:41,595 | INFO     | gate_system.pipeline | Повторное открытие подавлено (anti-replay): Т198ТТ197
2026-07-17 00:23:43,003 | INFO     | gate_system.pipeline | Распознан номер: Т198ТТ197 (conf=1.00)
2026-07-17 00:23:43,011 | INFO     | gate_system.pipeline | Повторное открытие подавлено (anti-replay): Т198ТТ197
2026-07-17 00:23:44,565 | INFO     | gate_system.pipeline | Распознан номер: Т198ТТ197 (conf=1.00)
2026-07-17 00:23:44,572 | INFO     | gate_system.pipeline | Повторное открытие подавлено (anti-replay): Т198ТТ197
2026-07-17 00:23:45,990 | INFO     | gate_system.pipeline | Распознан номер: Т198ТТ197 (conf=1.00)
2026-07-17 00:23:45,999 | INFO     | gate_system.pipeline | Повторное открытие подавлено (anti-replay): Т198ТТ197
2026-07-17 00:23:47,467 | INFO     | gate_system.pipeline | Распознан номер: Т198ТТ197 (conf=1.00)
2026-07-17 00:23:47,480 | INFO     | gate_system.pipeline | Повторное открытие подавлено (anti-replay): Т198ТТ197
2026-07-17 00:23:48,892 | INFO     | gate_system.pipeline | Распознан номер: Т198ТТ197 (conf=1.00)
2026-07-17 00:23:48,899 | INFO     | gate_system.pipeline | Повторное открытие подавлено (anti-replay): Т198ТТ197
2026-07-17 00:23:50,325 | INFO     | gate_system.pipeline | Распознан номер: Т198ТТ197 (conf=1.00)
2026-07-17 00:23:50,332 | INFO     | gate_system.pipeline | Повторное открытие подавлено (anti-replay): Т198ТТ197
2026-07-17 00:23:51,757 | INFO     | gate_system.pipeline | Распознан номер: Т198ТТ197 (conf=1.00)
2026-07-17 00:23:51,764 | INFO     | gate_system.gate | Открытие ворот. Источник: auto
2026-07-17 00:23:51,764 | INFO     | gate_system.relay | StubRelay: импульс 500 мс (замыкание контактов)
2026-07-17 00:23:52,269 | INFO     | gate_system.gate | Ворота открыты (источник=auto)
2026-07-17 00:23:52,273 | INFO     | gate_system.telegram | [telegram offline] ✅ Открыто по номеру Т198ТТ197 | Время: 2026-07-16 21:23:52
2026-07-17 00:23:53,687 | INFO     | gate_system.pipeline | Распознан номер: Т198ТТ197 (conf=1.00)
2026-07-17 00:23:53,694 | INFO     | gate_system.pipeline | Повторное открытие подавлено (anti-replay): Т198ТТ197
2026-07-17 00:23:55,107 | INFO     | gate_system.pipeline | Распознан номер: Т198ТТ197 (conf=1.00)
2026-07-17 00:23:55,118 | INFO     | gate_system.pipeline | Повторное открытие подавлено (anti-replay): Т198ТТ197
2026-07-17 00:23:57,639 | INFO     | gate_system.pipeline | Распознан номер: Т198ТТ197 (conf=1.00)
2026-07-17 00:23:57,646 | INFO     | gate_system.pipeline | Повторное открытие подавлено (anti-replay): Т198ТТ197
2026-07-17 00:24:00,109 | INFO     | gate_system.network | NetworkMonitor остановлен
2026-07-17 00:24:00,109 | INFO     | gate_system.diagnostics | Самодиагностика остановлена
2026-07-17 00:24:00,109 | INFO     | gate_system.watchdog | Watchdog остановлен
2026-07-17 00:24:00,110 | INFO     | gate_system.main | Сервис 'network' остановлен
2026-07-17 00:24:00,110 | INFO     | gate_system.main | Сервис 'diagnostics' остановлен
2026-07-17 00:24:00,111 | INFO     | gate_system.main | Сервис 'watchdog' остановлен
2026-07-17 00:24:00,195 | INFO     | gate_system.pipeline | Распознан номер: Т198ТТ197 (conf=1.00)
2026-07-17 00:24:00,203 | INFO     | gate_system.pipeline | Повторное открытие подавлено (anti-replay): Т198ТТ197
2026-07-17 00:24:00,215 | INFO     | gate_system.camera | Камера закрыта
2026-07-17 00:24:00,215 | INFO     | gate_system.pipeline | Пайплайн распознавания остановлен
2026-07-17 00:24:00,215 | INFO     | gate_system.main | Сервис 'vision' остановлен
2026-07-17 00:24:00,216 | INFO     | gate_system.main | Все сервисы остановлены
2026-07-17 00:24:00,216 | INFO     | gate_system.main | gate_system остановлен
2026-07-17 00:24:09,510 | INFO     | gate_system.main | Запуск gate_system (реле=stub, telegram=вкл)
2026-07-17 00:24:09,795 | INFO     | gate_system.detector | Загрузка модели транспорта: models/yolov8n.pt
2026-07-17 00:24:11,026 | INFO     | gate_system.detector | Модель номеров не задана — распознаю по области автомобиля
2026-07-17 00:24:11,026 | INFO     | gate_system.ocr  | Движок OCR: Nomeroff-Net
2026-07-17 00:24:11,028 | INFO     | gate_system.main | Сервис 'vision' запущен
2026-07-17 00:24:11,028 | INFO     | gate_system.main | Сервис 'network' запущен
2026-07-17 00:24:11,028 | INFO     | gate_system.main | Сервис 'diagnostics' запущен
2026-07-17 00:24:11,028 | INFO     | gate_system.main | Сервис 'watchdog' запущен
2026-07-17 00:24:11,028 | INFO     | gate_system.main | Сервис 'telegram' запущен
2026-07-17 00:24:11,028 | INFO     | gate_system.main | Запущены сервисы: vision, network, diagnostics, watchdog, telegram
2026-07-17 00:24:11,029 | INFO     | gate_system.watchdog | Watchdog запущен (таймаут 120 с)
2026-07-17 00:24:11,029 | INFO     | gate_system.diagnostics | Самодиагностика запущена (интервал 60 с)
2026-07-17 00:24:11,028 | INFO     | gate_system.network | NetworkMonitor запущен (интервал 10 с)
2026-07-17 00:24:11,029 | ERROR    | gate_system.main | Сервис 'telegram' аварийно завершился
Traceback (most recent call last):
  File "/Users/artemfarniev2013/WebstormProjects/untitled20/gate_system/main.py", line 76, in _run_service
    svc.run_forever()
  File "/Users/artemfarniev2013/WebstormProjects/untitled20/gate_system/main.py", line 40, in run_forever
    self._notifier.run()
  File "/Users/artemfarniev2013/WebstormProjects/untitled20/gate_system/telegram_bot.py", line 361, in run
    from telegram import InlineKeyboardButton, InlineKeyboardMarkup, Update
ModuleNotFoundError: No module named 'telegram'
2026-07-17 00:24:11,030 | INFO     | gate_system.network | Интернет доступен
2026-07-17 00:24:11,030 | INFO     | gate_system.main | Сервис 'telegram' остановлен
2026-07-17 00:24:11,031 | WARNING  | gate_system.main | Вспомогательный сервис 'telegram' остановился — продолжаем без него
2026-07-17 00:24:11,038 | WARNING  | gate_system.diagnostics | Диагностика: камера не отвечает
2026-07-17 00:24:11,044 | INFO     | gate_system.camera | Камера подключена: /Users/artemfarniev2013/WebstormProjects/untitled20/car.mp4
2026-07-17 00:24:11,044 | INFO     | gate_system.pipeline | Пайплайн распознавания запущен
2026-07-17 00:24:14,103 | INFO     | gate_system.ocr.nomeroff | Загрузчик моделей Nomeroff заменён на устойчивый (с докачкой)
2026-07-17 00:24:14,104 | INFO     | gate_system.ocr.nomeroff | Загрузка пайплайна Nomeroff-Net: number_plate_detection_and_reading
2026-07-17 00:24:34,857 | INFO     | gate_system.pipeline | Распознан номер: Т198ТТ197 (conf=1.00)
2026-07-17 00:24:34,869 | INFO     | gate_system.gate | Открытие ворот. Источник: auto
2026-07-17 00:24:34,869 | INFO     | gate_system.relay | StubRelay: импульс 500 мс (замыкание контактов)
2026-07-17 00:24:35,374 | INFO     | gate_system.gate | Ворота открыты (источник=auto)
2026-07-17 00:24:35,377 | INFO     | gate_system.telegram | [telegram offline] ✅ Открыто по номеру Т198ТТ197 | Время: 2026-07-16 21:24:35
2026-07-17 00:24:37,938 | INFO     | gate_system.pipeline | Распознан номер: Т198ТТ197 (conf=1.00)
2026-07-17 00:24:37,947 | INFO     | gate_system.pipeline | Повторное открытие подавлено (anti-replay): Т198ТТ197
2026-07-17 00:24:40,181 | INFO     | gate_system.pipeline | Распознан номер: Т198ТТ197 (conf=1.00)
2026-07-17 00:24:40,187 | INFO     | gate_system.pipeline | Повторное открытие подавлено (anti-replay): Т198ТТ197
2026-07-17 00:24:40,434 | INFO     | gate_system.network | NetworkMonitor остановлен
2026-07-17 00:24:40,434 | INFO     | gate_system.main | Сервис 'network' остановлен
2026-07-17 00:24:40,434 | INFO     | gate_system.diagnostics | Самодиагностика остановлена
2026-07-17 00:24:40,435 | INFO     | gate_system.watchdog | Watchdog остановлен
2026-07-17 00:24:40,435 | INFO     | gate_system.main | Сервис 'watchdog' остановлен
2026-07-17 00:24:40,435 | INFO     | gate_system.main | Сервис 'diagnostics' остановлен
2026-07-17 00:24:42,558 | INFO     | gate_system.pipeline | Распознан номер: Т198ТТ197 (conf=1.00)
2026-07-17 00:24:42,564 | INFO     | gate_system.pipeline | Повторное открытие подавлено (anti-replay): Т198ТТ197
2026-07-17 00:24:42,568 | INFO     | gate_system.camera | Камера закрыта
2026-07-17 00:24:42,568 | INFO     | gate_system.pipeline | Пайплайн распознавания остановлен
2026-07-17 00:24:42,568 | INFO     | gate_system.main | Сервис 'vision' остановлен
2026-07-17 00:24:42,569 | INFO     | gate_system.main | Все сервисы остановлены
2026-07-17 00:24:42,569 | INFO     | gate_system.main | gate_system остановлен
2026-07-17 00:26:36,090 | INFO     | gate_system.main | Запуск gate_system (реле=stub, telegram=вкл)
2026-07-17 00:26:36,337 | INFO     | gate_system.detector | Загрузка модели транспорта: models/yolov8n.pt
2026-07-17 00:26:37,619 | INFO     | gate_system.detector | Модель номеров не задана — распознаю по области автомобиля
2026-07-17 00:26:37,619 | INFO     | gate_system.ocr  | Движок OCR: Nomeroff-Net
2026-07-17 00:26:37,621 | INFO     | gate_system.main | Сервис 'vision' запущен
2026-07-17 00:26:37,622 | INFO     | gate_system.main | Сервис 'network' запущен
2026-07-17 00:26:37,622 | INFO     | gate_system.network | NetworkMonitor запущен (интервал 10 с)
2026-07-17 00:26:37,622 | INFO     | gate_system.main | Сервис 'diagnostics' запущен
2026-07-17 00:26:37,622 | INFO     | gate_system.main | Сервис 'watchdog' запущен
2026-07-17 00:26:37,622 | INFO     | gate_system.main | Сервис 'telegram' запущен
2026-07-17 00:26:37,622 | INFO     | gate_system.main | Запущены сервисы: vision, network, diagnostics, watchdog, telegram
2026-07-17 00:26:37,622 | INFO     | gate_system.diagnostics | Самодиагностика запущена (интервал 60 с)
2026-07-17 00:26:37,622 | INFO     | gate_system.watchdog | Watchdog запущен (таймаут 120 с)
2026-07-17 00:26:37,622 | INFO     | gate_system.network | Интернет доступен
2026-07-17 00:26:37,637 | WARNING  | gate_system.diagnostics | Диагностика: камера не отвечает
2026-07-17 00:26:37,653 | INFO     | gate_system.camera | Камера подключена: /Users/artemfarniev2013/WebstormProjects/untitled20/car.mp4
2026-07-17 00:26:37,653 | INFO     | gate_system.pipeline | Пайплайн распознавания запущен
2026-07-17 00:26:37,805 | INFO     | gate_system.telegram | Telegram-бот запущен
2026-07-17 00:26:38,208 | INFO     | httpx            | HTTP Request: POST https://api.telegram.org/bot8840724271:AAFkI8i_ne1vfUFK2I8gm4BqIfzf-NzZ21k/getMe "HTTP/1.1 200 OK"
2026-07-17 00:26:38,272 | INFO     | httpx            | HTTP Request: POST https://api.telegram.org/bot8840724271:AAFkI8i_ne1vfUFK2I8gm4BqIfzf-NzZ21k/deleteWebhook "HTTP/1.1 200 OK"
2026-07-17 00:26:38,273 | INFO     | telegram.ext.Application | Application started
2026-07-17 00:26:38,615 | INFO     | httpx            | HTTP Request: POST https://api.telegram.org/bot8840724271:AAFkI8i_ne1vfUFK2I8gm4BqIfzf-NzZ21k/getUpdates "HTTP/1.1 200 OK"
2026-07-17 00:26:38,617 | INFO     | gate_system.gate | Открытие ворот. Источник: telegram
2026-07-17 00:26:38,617 | INFO     | gate_system.relay | StubRelay: импульс 500 мс (замыкание контактов)
2026-07-17 00:26:39,126 | INFO     | gate_system.gate | Ворота открыты (источник=telegram)
2026-07-17 00:26:39,126 | INFO     | gate_system.telegram | Команда /open (user_id=561733567) — ворота открыты
2026-07-17 00:26:39,229 | INFO     | httpx            | HTTP Request: POST https://api.telegram.org/bot8840724271:AAFkI8i_ne1vfUFK2I8gm4BqIfzf-NzZ21k/sendMessage "HTTP/1.1 200 OK"
2026-07-17 00:26:39,392 | INFO     | httpx            | HTTP Request: POST https://api.telegram.org/bot8840724271:AAFkI8i_ne1vfUFK2I8gm4BqIfzf-NzZ21k/sendMessage "HTTP/1.1 200 OK"
2026-07-17 00:26:40,946 | INFO     | gate_system.ocr.nomeroff | Загрузчик моделей Nomeroff заменён на устойчивый (с докачкой)
2026-07-17 00:26:40,947 | INFO     | gate_system.ocr.nomeroff | Загрузка пайплайна Nomeroff-Net: number_plate_detection_and_reading
2026-07-17 00:26:49,205 | INFO     | httpx            | HTTP Request: POST https://api.telegram.org/bot8840724271:AAFkI8i_ne1vfUFK2I8gm4BqIfzf-NzZ21k/getUpdates "HTTP/1.1 200 OK"
2026-07-17 00:26:59,277 | INFO     | httpx            | HTTP Request: POST https://api.telegram.org/bot8840724271:AAFkI8i_ne1vfUFK2I8gm4BqIfzf-NzZ21k/getUpdates "HTTP/1.1 200 OK"
2026-07-17 00:27:02,156 | INFO     | gate_system.pipeline | Распознан номер: Т198ТТ197 (conf=1.00)
2026-07-17 00:27:02,164 | INFO     | gate_system.gate | Открытие ворот. Источник: auto
2026-07-17 00:27:02,164 | INFO     | gate_system.relay | StubRelay: импульс 500 мс (замыкание контактов)
2026-07-17 00:27:02,669 | INFO     | gate_system.gate | Ворота открыты (источник=auto)
2026-07-17 00:27:02,972 | INFO     | httpx            | HTTP Request: POST https://api.telegram.org/bot8840724271:AAFkI8i_ne1vfUFK2I8gm4BqIfzf-NzZ21k/sendMessage "HTTP/1.1 200 OK"
2026-07-17 00:27:05,345 | INFO     | gate_system.pipeline | Распознан номер: Т198ТТ197 (conf=1.00)
2026-07-17 00:27:05,355 | INFO     | gate_system.pipeline | Повторное открытие подавлено (anti-replay): Т198ТТ197
2026-07-17 00:27:07,816 | INFO     | gate_system.pipeline | Распознан номер: Т198ТТ197 (conf=1.00)
2026-07-17 00:27:07,824 | INFO     | gate_system.pipeline | Повторное открытие подавлено (anti-replay): Т198ТТ197
2026-07-17 00:27:09,176 | INFO     | httpx            | HTTP Request: POST https://api.telegram.org/bot8840724271:AAFkI8i_ne1vfUFK2I8gm4BqIfzf-NzZ21k/getUpdates "HTTP/1.1 200 OK"
2026-07-17 00:27:09,188 | INFO     | gate_system.gate | Открытие ворот. Источник: telegram
2026-07-17 00:27:09,188 | INFO     | gate_system.relay | StubRelay: импульс 500 мс (замыкание контактов)
2026-07-17 00:27:09,693 | INFO     | gate_system.gate | Ворота открыты (источник=telegram)
2026-07-17 00:27:09,693 | INFO     | gate_system.telegram | Команда /open (user_id=561733567) — ворота открыты
2026-07-17 00:27:09,966 | INFO     | httpx            | HTTP Request: POST https://api.telegram.org/bot8840724271:AAFkI8i_ne1vfUFK2I8gm4BqIfzf-NzZ21k/sendMessage "HTTP/1.1 200 OK"
2026-07-17 00:27:10,637 | INFO     | gate_system.pipeline | Распознан номер: Т198ТТ197 (conf=1.00)
2026-07-17 00:27:10,645 | INFO     | gate_system.pipeline | Повторное открытие подавлено (anti-replay): Т198ТТ197
2026-07-17 00:27:13,099 | INFO     | gate_system.pipeline | Распознан номер: Т198ТТ197 (conf=1.00)
2026-07-17 00:27:13,108 | INFO     | gate_system.pipeline | Повторное открытие подавлено (anti-replay): Т198ТТ197
2026-07-17 00:27:15,582 | INFO     | gate_system.pipeline | Распознан номер: Т198ТТ197 (conf=1.00)
2026-07-17 00:27:15,592 | INFO     | gate_system.pipeline | Повторное открытие подавлено (anti-replay): Т198ТТ197
2026-07-17 00:27:18,006 | INFO     | gate_system.pipeline | Распознан номер: Т198ТТ197 (conf=1.00)
2026-07-17 00:27:18,015 | INFO     | gate_system.pipeline | Повторное открытие подавлено (anti-replay): Т198ТТ197
2026-07-17 00:27:19,815 | INFO     | httpx            | HTTP Request: POST https://api.telegram.org/bot8840724271:AAFkI8i_ne1vfUFK2I8gm4BqIfzf-NzZ21k/getUpdates "HTTP/1.1 200 OK"
2026-07-17 00:27:20,329 | INFO     | gate_system.pipeline | Распознан номер: Т198ТТ197 (conf=1.00)
2026-07-17 00:27:20,339 | INFO     | gate_system.pipeline | Повторное открытие подавлено (anti-replay): Т198ТТ197
2026-07-17 00:27:22,916 | INFO     | gate_system.pipeline | Распознан номер: Т198ТТ197 (conf=1.00)
2026-07-17 00:27:22,928 | INFO     | gate_system.pipeline | Повторное открытие подавлено (anti-replay): Т198ТТ197
2026-07-17 00:27:24,732 | INFO     | gate_system.network | NetworkMonitor остановлен
2026-07-17 00:27:24,733 | INFO     | gate_system.diagnostics | Самодиагностика остановлена
2026-07-17 00:27:24,733 | INFO     | gate_system.watchdog | Watchdog остановлен
2026-07-17 00:27:24,734 | INFO     | gate_system.main | Сервис 'network' остановлен
2026-07-17 00:27:24,736 | INFO     | gate_system.main | Сервис 'diagnostics' остановлен
2026-07-17 00:27:24,741 | INFO     | gate_system.main | Сервис 'watchdog' остановлен
2026-07-17 00:27:25,026 | INFO     | httpx            | HTTP Request: POST https://api.telegram.org/bot8840724271:AAFkI8i_ne1vfUFK2I8gm4BqIfzf-NzZ21k/getUpdates "HTTP/1.1 200 OK"
2026-07-17 00:27:25,027 | INFO     | telegram.ext.Application | Application is stopping. This might take a moment.
2026-07-17 00:27:25,027 | INFO     | telegram.ext.Application | Application.stop() complete
2026-07-17 00:27:25,028 | INFO     | gate_system.main | Сервис 'telegram' остановлен
2026-07-17 00:27:26,499 | INFO     | gate_system.pipeline | Распознан номер: Т198ТТ197 (conf=1.00)
2026-07-17 00:27:26,513 | INFO     | gate_system.pipeline | Повторное открытие подавлено (anti-replay): Т198ТТ197
2026-07-17 00:27:26,530 | INFO     | gate_system.camera | Камера закрыта
2026-07-17 00:27:26,530 | INFO     | gate_system.pipeline | Пайплайн распознавания остановлен
2026-07-17 00:27:26,531 | INFO     | gate_system.main | Сервис 'vision' остановлен
2026-07-17 00:27:26,532 | INFO     | gate_system.main | Все сервисы остановлены
2026-07-17 00:27:26,532 | INFO     | gate_system.main | gate_system остановлен
2026-07-17 00:31:15,736 | INFO     | gate_system.main | Запуск gate_system (реле=stub, telegram=вкл)
2026-07-17 00:31:15,985 | INFO     | gate_system.detector | Загрузка модели транспорта: models/yolov8n.pt
2026-07-17 00:31:17,036 | INFO     | gate_system.detector | Модель номеров не задана — распознаю по области автомобиля
2026-07-17 00:31:17,036 | INFO     | gate_system.ocr  | Движок OCR: Nomeroff-Net
2026-07-17 00:31:17,041 | INFO     | gate_system.main | Сервис 'vision' запущен
2026-07-17 00:31:17,041 | INFO     | gate_system.main | Сервис 'network' запущен
2026-07-17 00:31:17,041 | INFO     | gate_system.main | Сервис 'diagnostics' запущен
2026-07-17 00:31:17,041 | INFO     | gate_system.main | Сервис 'watchdog' запущен
2026-07-17 00:31:17,041 | INFO     | gate_system.main | Сервис 'telegram' запущен
2026-07-17 00:31:17,041 | INFO     | gate_system.network | NetworkMonitor запущен (интервал 10 с)
2026-07-17 00:31:17,041 | INFO     | gate_system.main | Запущены сервисы: vision, network, diagnostics, watchdog, telegram
2026-07-17 00:31:17,041 | INFO     | gate_system.diagnostics | Самодиагностика запущена (интервал 60 с)
2026-07-17 00:31:17,041 | INFO     | gate_system.watchdog | Watchdog запущен (таймаут 120 с)
2026-07-17 00:31:17,042 | INFO     | gate_system.network | Интернет доступен
2026-07-17 00:31:17,050 | WARNING  | gate_system.diagnostics | Диагностика: камера не отвечает
2026-07-17 00:31:17,072 | INFO     | gate_system.camera | Камера подключена: /Users/artemfarniev2013/WebstormProjects/untitled20/car.mp4
2026-07-17 00:31:17,072 | INFO     | gate_system.pipeline | Пайплайн распознавания запущен
2026-07-17 00:31:17,237 | INFO     | gate_system.telegram | Telegram-бот запущен
2026-07-17 00:31:17,564 | INFO     | httpx            | HTTP Request: POST https://api.telegram.org/bot8840724271:AAFkI8i_ne1vfUFK2I8gm4BqIfzf-NzZ21k/getMe "HTTP/1.1 200 OK"
2026-07-17 00:31:17,626 | INFO     | httpx            | HTTP Request: POST https://api.telegram.org/bot8840724271:AAFkI8i_ne1vfUFK2I8gm4BqIfzf-NzZ21k/deleteWebhook "HTTP/1.1 200 OK"
2026-07-17 00:31:17,626 | INFO     | telegram.ext.Application | Application started
2026-07-17 00:31:19,803 | INFO     | gate_system.ocr.nomeroff | Загрузчик моделей Nomeroff заменён на устойчивый (с докачкой)
2026-07-17 00:31:19,803 | INFO     | gate_system.ocr.nomeroff | Загрузка пайплайна Nomeroff-Net: number_plate_detection_and_reading
2026-07-17 00:31:20,627 | INFO     | httpx            | HTTP Request: POST https://api.telegram.org/bot8840724271:AAFkI8i_ne1vfUFK2I8gm4BqIfzf-NzZ21k/getUpdates "HTTP/1.1 200 OK"
2026-07-17 00:31:20,768 | INFO     | httpx            | HTTP Request: POST https://api.telegram.org/bot8840724271:AAFkI8i_ne1vfUFK2I8gm4BqIfzf-NzZ21k/sendMessage "HTTP/1.1 200 OK"
2026-07-17 00:31:30,725 | INFO     | httpx            | HTTP Request: POST https://api.telegram.org/bot8840724271:AAFkI8i_ne1vfUFK2I8gm4BqIfzf-NzZ21k/getUpdates "HTTP/1.1 200 OK"
2026-07-17 00:31:31,242 | INFO     | gate_system.pipeline | Распознан номер: Т198ТТ197 (conf=1.00)
2026-07-17 00:31:31,248 | INFO     | gate_system.gate | Открытие ворот. Источник: auto
2026-07-17 00:31:31,248 | INFO     | gate_system.relay | StubRelay: импульс 500 мс (замыкание контактов)
2026-07-17 00:31:31,753 | INFO     | gate_system.gate | Ворота открыты (источник=auto)
2026-07-17 00:31:32,045 | INFO     | httpx            | HTTP Request: POST https://api.telegram.org/bot8840724271:AAFkI8i_ne1vfUFK2I8gm4BqIfzf-NzZ21k/sendMessage "HTTP/1.1 200 OK"
2026-07-17 00:31:32,862 | INFO     | gate_system.pipeline | Распознан номер: Т198ТТ197 (conf=1.00)
2026-07-17 00:31:32,867 | INFO     | gate_system.pipeline | Повторное открытие подавлено (anti-replay): Т198ТТ197
2026-07-17 00:31:34,048 | INFO     | gate_system.pipeline | Распознан номер: Т198ТТ197 (conf=1.00)
2026-07-17 00:31:34,055 | INFO     | gate_system.pipeline | Повторное открытие подавлено (anti-replay): Т198ТТ197
2026-07-17 00:31:34,719 | INFO     | httpx            | HTTP Request: POST https://api.telegram.org/bot8840724271:AAFkI8i_ne1vfUFK2I8gm4BqIfzf-NzZ21k/getUpdates "HTTP/1.1 200 OK"
2026-07-17 00:31:34,857 | INFO     | httpx            | HTTP Request: POST https://api.telegram.org/bot8840724271:AAFkI8i_ne1vfUFK2I8gm4BqIfzf-NzZ21k/sendMessage "HTTP/1.1 200 OK"
2026-07-17 00:31:36,720 | INFO     | gate_system.pipeline | Распознан номер: Т198ТТ197 (conf=1.00)
2026-07-17 00:31:36,727 | INFO     | gate_system.pipeline | Повторное открытие подавлено (anti-replay): Т198ТТ197
2026-07-17 00:31:39,101 | INFO     | gate_system.pipeline | Распознан номер: Т198ТТ197 (conf=1.00)
2026-07-17 00:31:39,109 | INFO     | gate_system.pipeline | Повторное открытие подавлено (anti-replay): Т198ТТ197
2026-07-17 00:31:41,447 | INFO     | gate_system.pipeline | Распознан номер: Т198ТТ197 (conf=1.00)
2026-07-17 00:31:41,455 | INFO     | gate_system.pipeline | Повторное открытие подавлено (anti-replay): Т198ТТ197
2026-07-17 00:31:42,166 | INFO     | gate_system.watchdog | Watchdog остановлен
2026-07-17 00:31:42,168 | INFO     | gate_system.main | Сервис 'watchdog' остановлен
2026-07-17 00:31:42,169 | INFO     | gate_system.diagnostics | Самодиагностика остановлена
2026-07-17 00:31:42,169 | INFO     | gate_system.network | NetworkMonitor остановлен
2026-07-17 00:31:42,173 | INFO     | gate_system.main | Сервис 'diagnostics' остановлен
2026-07-17 00:31:42,178 | INFO     | gate_system.main | Сервис 'network' остановлен
2026-07-17 00:31:42,446 | INFO     | httpx            | HTTP Request: POST https://api.telegram.org/bot8840724271:AAFkI8i_ne1vfUFK2I8gm4BqIfzf-NzZ21k/getUpdates "HTTP/1.1 200 OK"
2026-07-17 00:31:42,448 | INFO     | telegram.ext.Application | Application is stopping. This might take a moment.
2026-07-17 00:31:42,448 | INFO     | telegram.ext.Application | Application.stop() complete
2026-07-17 00:31:42,449 | INFO     | gate_system.main | Сервис 'telegram' остановлен
2026-07-17 00:31:44,907 | INFO     | gate_system.pipeline | Распознан номер: Т198ТТ197 (conf=1.00)
2026-07-17 00:31:44,925 | INFO     | gate_system.pipeline | Повторное открытие подавлено (anti-replay): Т198ТТ197
2026-07-17 00:31:44,934 | INFO     | gate_system.camera | Камера закрыта
2026-07-17 00:31:44,935 | INFO     | gate_system.pipeline | Пайплайн распознавания остановлен
2026-07-17 00:31:44,935 | INFO     | gate_system.main | Сервис 'vision' остановлен
2026-07-17 00:31:44,935 | INFO     | gate_system.main | Все сервисы остановлены
2026-07-17 00:31:44,936 | INFO     | gate_system.main | gate_system остановлен
2026-07-17 00:45:52,502 | INFO     | gate_system.main | Запуск gate_system (реле=stub, telegram=вкл)
2026-07-17 00:45:52,502 | INFO     | gate_system.events | ▶️ Система запущена
2026-07-17 00:45:52,723 | INFO     | gate_system.detector | Загрузка модели транспорта: models/yolov8n.pt
2026-07-17 00:45:53,795 | INFO     | gate_system.detector | Модель номеров не задана — распознаю по области автомобиля
2026-07-17 00:45:53,796 | INFO     | gate_system.ocr  | Движок OCR: Nomeroff-Net
2026-07-17 00:45:53,802 | INFO     | gate_system.main | Сервис 'vision' запущен
2026-07-17 00:45:53,802 | INFO     | gate_system.main | Сервис 'network' запущен
2026-07-17 00:45:53,802 | INFO     | gate_system.main | Сервис 'diagnostics' запущен
2026-07-17 00:45:53,803 | INFO     | gate_system.main | Сервис 'watchdog' запущен
2026-07-17 00:45:53,803 | INFO     | gate_system.main | Сервис 'telegram' запущен
2026-07-17 00:45:53,803 | INFO     | gate_system.main | Запущены сервисы: vision, network, diagnostics, watchdog, telegram
2026-07-17 00:45:53,803 | INFO     | gate_system.network | NetworkMonitor запущен (интервал 10 с)
2026-07-17 00:45:53,803 | INFO     | gate_system.diagnostics | Самодиагностика запущена (интервал 60 с)
2026-07-17 00:45:53,803 | INFO     | gate_system.watchdog | Watchdog запущен (таймаут 120 с)
2026-07-17 00:45:53,804 | INFO     | gate_system.network | Интернет доступен
2026-07-17 00:45:53,804 | INFO     | gate_system.events | 🌐 Интернет появился
2026-07-17 00:45:53,811 | WARNING  | gate_system.diagnostics | Диагностика: камера не отвечает
2026-07-17 00:45:53,829 | INFO     | gate_system.camera | Камера подключена: /Users/artemfarniev2013/WebstormProjects/untitled20/car.mp4
2026-07-17 00:45:53,829 | INFO     | gate_system.pipeline | Пайплайн распознавания запущен
2026-07-17 00:45:53,992 | INFO     | gate_system.telegram | Telegram-бот запущен
2026-07-17 00:45:56,346 | INFO     | gate_system.ocr.nomeroff | Загрузчик моделей Nomeroff заменён на устойчивый (с докачкой)
2026-07-17 00:45:56,346 | INFO     | gate_system.ocr.nomeroff | Загрузка пайплайна Nomeroff-Net: number_plate_detection_and_reading
2026-07-17 00:46:07,330 | INFO     | gate_system.pipeline | Распознан номер: Т198ТТ197 (conf=1.00)
2026-07-17 00:46:07,340 | INFO     | gate_system.gate | Открытие ворот. Источник: auto
2026-07-17 00:46:07,340 | INFO     | gate_system.relay | StubRelay: импульс 500 мс (замыкание контактов)
2026-07-17 00:46:07,846 | INFO     | gate_system.gate | Ворота открыты (источник=auto)
2026-07-17 00:46:07,853 | INFO     | gate_system.events | 🚗 Ворота открыты — Т198ТТ197
2026-07-17 00:46:08,945 | INFO     | gate_system.pipeline | Распознан номер: Т198ТТ197 (conf=1.00)
2026-07-17 00:46:08,951 | INFO     | gate_system.pipeline | Повторное открытие подавлено (anti-replay): Т198ТТ197
2026-07-17 00:46:10,060 | INFO     | gate_system.pipeline | Распознан номер: Т198ТТ197 (conf=1.00)
2026-07-17 00:46:10,066 | INFO     | gate_system.pipeline | Повторное открытие подавлено (anti-replay): Т198ТТ197
2026-07-17 00:46:12,512 | INFO     | gate_system.pipeline | Распознан номер: Т198ТТ197 (conf=1.00)
2026-07-17 00:46:12,521 | INFO     | gate_system.pipeline | Повторное открытие подавлено (anti-replay): Т198ТТ197
2026-07-17 00:46:15,577 | INFO     | gate_system.pipeline | Распознан номер: Т198ТТ197 (conf=1.00)
2026-07-17 00:46:15,584 | INFO     | gate_system.pipeline | Повторное открытие подавлено (anti-replay): Т198ТТ197
2026-07-17 00:46:18,011 | INFO     | gate_system.pipeline | Распознан номер: Т198ТТ197 (conf=1.00)
2026-07-17 00:46:18,016 | INFO     | gate_system.pipeline | Повторное открытие подавлено (anti-replay): Т198ТТ197
2026-07-17 00:46:20,161 | INFO     | gate_system.pipeline | Распознан номер: Т198ТТ197 (conf=1.00)
2026-07-17 00:46:20,168 | INFO     | gate_system.pipeline | Повторное открытие подавлено (anti-replay): Т198ТТ197
2026-07-17 00:46:22,524 | INFO     | gate_system.pipeline | Распознан номер: Т198ТТ197 (conf=1.00)
2026-07-17 00:46:22,531 | INFO     | gate_system.pipeline | Повторное открытие подавлено (anti-replay): Т198ТТ197
2026-07-17 00:46:24,841 | INFO     | gate_system.pipeline | Распознан номер: Т198ТТ197 (conf=1.00)
2026-07-17 00:46:24,848 | INFO     | gate_system.pipeline | Повторное открытие подавлено (anti-replay): Т198ТТ197
2026-07-17 00:46:27,184 | INFO     | gate_system.pipeline | Распознан номер: Т198ТТ197 (conf=1.00)
2026-07-17 00:46:27,191 | INFO     | gate_system.pipeline | Повторное открытие подавлено (anti-replay): Т198ТТ197
2026-07-17 00:46:29,472 | INFO     | gate_system.pipeline | Распознан номер: Т198ТТ197 (conf=1.00)
2026-07-17 00:46:29,485 | INFO     | gate_system.pipeline | Повторное открытие подавлено (anti-replay): Т198ТТ197
2026-07-17 00:46:30,529 | INFO     | gate_system.gate | Открытие ворот. Источник: telegram
2026-07-17 00:46:30,529 | INFO     | gate_system.relay | StubRelay: импульс 500 мс (замыкание контактов)
2026-07-17 00:46:31,034 | INFO     | gate_system.gate | Ворота открыты (источник=telegram)
2026-07-17 00:46:31,035 | INFO     | gate_system.telegram | Команда /open (user_id=561733567) — ворота открыты
2026-07-17 00:46:31,035 | INFO     | gate_system.events | 🔓 Ворота открыты через Telegram
2026-07-17 00:46:32,004 | INFO     | gate_system.pipeline | Распознан номер: Т198ТТ197 (conf=1.00)
2026-07-17 00:46:32,011 | INFO     | gate_system.pipeline | Повторное открытие подавлено (anti-replay): Т198ТТ197
2026-07-17 00:46:34,328 | INFO     | gate_system.pipeline | Распознан номер: Т198ТТ197 (conf=1.00)
2026-07-17 00:46:34,335 | INFO     | gate_system.pipeline | Повторное открытие подавлено (anti-replay): Т198ТТ197
2026-07-17 00:46:36,610 | INFO     | gate_system.pipeline | Распознан номер: Т198ТТ197 (conf=1.00)
2026-07-17 00:46:36,617 | INFO     | gate_system.pipeline | Повторное открытие подавлено (anti-replay): Т198ТТ197
2026-07-17 00:46:38,779 | INFO     | gate_system.pipeline | Распознан номер: Т198ТТ197 (conf=1.00)
2026-07-17 00:46:38,787 | INFO     | gate_system.gate | Открытие ворот. Источник: auto
2026-07-17 00:46:38,787 | INFO     | gate_system.relay | StubRelay: импульс 500 мс (замыкание контактов)
2026-07-17 00:46:39,292 | INFO     | gate_system.gate | Ворота открыты (источник=auto)
2026-07-17 00:46:39,296 | INFO     | gate_system.events | 🚗 Ворота открыты — Т198ТТ197
2026-07-17 00:46:41,619 | INFO     | gate_system.pipeline | Распознан номер: Т198ТТ197 (conf=1.00)
2026-07-17 00:46:41,626 | INFO     | gate_system.pipeline | Повторное открытие подавлено (anti-replay): Т198ТТ197
2026-07-17 00:46:43,840 | INFO     | gate_system.pipeline | Распознан номер: Т198ТТ197 (conf=1.00)
2026-07-17 00:46:43,852 | INFO     | gate_system.pipeline | Повторное открытие подавлено (anti-replay): Т198ТТ197
2026-07-17 00:46:46,120 | INFO     | gate_system.pipeline | Распознан номер: Т198ТТ197 (conf=1.00)
2026-07-17 00:46:46,126 | INFO     | gate_system.pipeline | Повторное открытие подавлено (anti-replay): Т198ТТ197
2026-07-17 00:46:48,319 | INFO     | gate_system.pipeline | Распознан номер: Т198ТТ197 (conf=1.00)
2026-07-17 00:46:48,329 | INFO     | gate_system.pipeline | Повторное открытие подавлено (anti-replay): Т198ТТ197
2026-07-17 00:46:50,574 | INFO     | gate_system.pipeline | Распознан номер: Т198ТТ197 (conf=1.00)
2026-07-17 00:46:50,581 | INFO     | gate_system.pipeline | Повторное открытие подавлено (anti-replay): Т198ТТ197
2026-07-17 00:46:52,818 | INFO     | gate_system.pipeline | Распознан номер: Т198ТТ197 (conf=1.00)
2026-07-17 00:46:52,826 | INFO     | gate_system.pipeline | Повторное открытие подавлено (anti-replay): Т198ТТ197
2026-07-17 00:46:55,172 | INFO     | gate_system.pipeline | Распознан номер: Т198ТТ197 (conf=1.00)
2026-07-17 00:46:55,189 | INFO     | gate_system.pipeline | Повторное открытие подавлено (anti-replay): Т198ТТ197
2026-07-17 00:46:57,748 | INFO     | gate_system.pipeline | Распознан номер: Т198ТТ197 (conf=1.00)
2026-07-17 00:46:57,757 | INFO     | gate_system.pipeline | Повторное открытие подавлено (anti-replay): Т198ТТ197
2026-07-17 00:46:59,981 | INFO     | gate_system.pipeline | Распознан номер: Т198ТТ197 (conf=1.00)
2026-07-17 00:46:59,996 | INFO     | gate_system.pipeline | Повторное открытие подавлено (anti-replay): Т198ТТ197
2026-07-17 00:47:02,283 | INFO     | gate_system.pipeline | Распознан номер: Т198ТТ197 (conf=1.00)
2026-07-17 00:47:02,304 | INFO     | gate_system.pipeline | Повторное открытие подавлено (anti-replay): Т198ТТ197
2026-07-17 00:47:03,839 | INFO     | gate_system.pipeline | Распознан номер: Т198ТТ197 (conf=1.00)
2026-07-17 00:47:03,847 | INFO     | gate_system.pipeline | Повторное открытие подавлено (anti-replay): Т198ТТ197
2026-07-17 00:47:05,245 | INFO     | gate_system.pipeline | Распознан номер: Т198ТТ197 (conf=1.00)
2026-07-17 00:47:05,256 | INFO     | gate_system.pipeline | Повторное открытие подавлено (anti-replay): Т198ТТ197
2026-07-17 00:47:06,579 | INFO     | gate_system.whitelist | Добавлен номер в белый список: А400КС91
2026-07-17 00:47:06,618 | INFO     | gate_system.pipeline | Распознан номер: Т198ТТ197 (conf=1.00)
2026-07-17 00:47:06,623 | INFO     | gate_system.pipeline | Повторное открытие подавлено (anti-replay): Т198ТТ197
2026-07-17 00:47:07,944 | INFO     | gate_system.pipeline | Распознан номер: Т198ТТ197 (conf=1.00)
2026-07-17 00:47:07,950 | INFO     | gate_system.pipeline | Повторное открытие подавлено (anti-replay): Т198ТТ197
2026-07-17 00:47:09,378 | INFO     | gate_system.pipeline | Распознан номер: Т198ТТ197 (conf=1.00)
2026-07-17 00:47:09,386 | INFO     | gate_system.gate | Открытие ворот. Источник: auto
2026-07-17 00:47:09,386 | INFO     | gate_system.relay | StubRelay: импульс 500 мс (замыкание контактов)
2026-07-17 00:47:09,886 | INFO     | gate_system.gate | Ворота открыты (источник=auto)
2026-07-17 00:47:09,888 | INFO     | gate_system.events | 🚗 Ворота открыты — Т198ТТ197
2026-07-17 00:47:11,362 | INFO     | gate_system.pipeline | Распознан номер: Т198ТТ197 (conf=1.00)
2026-07-17 00:47:11,368 | INFO     | gate_system.pipeline | Повторное открытие подавлено (anti-replay): Т198ТТ197
2026-07-17 00:47:11,372 | WARNING  | gate_system.pipeline | Кадр не получен — переподключение к камере
2026-07-17 00:47:11,372 | WARNING  | gate_system.camera | Переподключение к камере через 1.0 с: /Users/artemfarniev2013/WebstormProjects/untitled20/car.mp4
2026-07-17 00:47:11,372 | INFO     | gate_system.events | 📷 Камера не отвечает, пытаюсь переподключиться
2026-07-17 00:47:12,418 | INFO     | gate_system.camera | Камера подключена: /Users/artemfarniev2013/WebstormProjects/untitled20/car.mp4
2026-07-17 00:47:12,419 | INFO     | gate_system.camera | Камера восстановлена
2026-07-17 00:47:12,419 | INFO     | gate_system.events | 📷 Камера снова на связи
2026-07-17 00:47:13,225 | INFO     | gate_system.whitelist | Удалён номер из белого списка: А400КС91
2026-07-17 00:47:13,895 | INFO     | gate_system.pipeline | Распознан номер: Т198ТТ197 (conf=1.00)
2026-07-17 00:47:13,901 | INFO     | gate_system.pipeline | Повторное открытие подавлено (anti-replay): Т198ТТ197
2026-07-17 00:47:15,354 | INFO     | gate_system.pipeline | Распознан номер: Т198ТТ197 (conf=1.00)
2026-07-17 00:47:15,361 | INFO     | gate_system.pipeline | Повторное открытие подавлено (anti-replay): Т198ТТ197
2026-07-17 00:47:16,756 | INFO     | gate_system.pipeline | Распознан номер: Т198ТТ197 (conf=1.00)
2026-07-17 00:47:16,763 | INFO     | gate_system.pipeline | Повторное открытие подавлено (anti-replay): Т198ТТ197
2026-07-17 00:47:18,198 | INFO     | gate_system.pipeline | Распознан номер: Т198ТТ197 (conf=1.00)
2026-07-17 00:47:18,207 | INFO     | gate_system.pipeline | Повторное открытие подавлено (anti-replay): Т198ТТ197
2026-07-17 00:47:19,494 | INFO     | gate_system.pipeline | Распознан номер: Т198ТТ197 (conf=1.00)
2026-07-17 00:47:19,502 | INFO     | gate_system.pipeline | Повторное открытие подавлено (anti-replay): Т198ТТ197
2026-07-17 00:47:21,060 | INFO     | gate_system.pipeline | Распознан номер: Т198ТТ197 (conf=1.00)
2026-07-17 00:47:21,067 | INFO     | gate_system.pipeline | Повторное открытие подавлено (anti-replay): Т198ТТ197
2026-07-17 00:47:22,716 | INFO     | gate_system.pipeline | Распознан номер: Т198ТТ197 (conf=1.00)
2026-07-17 00:47:22,722 | INFO     | gate_system.pipeline | Повторное открытие подавлено (anti-replay): Т198ТТ197
2026-07-17 00:47:24,179 | INFO     | gate_system.pipeline | Распознан номер: Т198ТТ197 (conf=1.00)
2026-07-17 00:47:24,187 | INFO     | gate_system.pipeline | Повторное открытие подавлено (anti-replay): Т198ТТ197
2026-07-17 00:47:26,041 | INFO     | gate_system.pipeline | Распознан номер: Т198ТТ197 (conf=1.00)
2026-07-17 00:47:26,053 | INFO     | gate_system.pipeline | Повторное открытие подавлено (anti-replay): Т198ТТ197
2026-07-17 00:47:28,572 | INFO     | gate_system.pipeline | Распознан номер: Т198ТТ197 (conf=1.00)
2026-07-17 00:47:28,579 | INFO     | gate_system.pipeline | Повторное открытие подавлено (anti-replay): Т198ТТ197
2026-07-17 00:47:30,483 | INFO     | gate_system.pipeline | Распознан номер: Т198ТТ197 (conf=1.00)
2026-07-17 00:47:30,501 | INFO     | gate_system.pipeline | Повторное открытие подавлено (anti-replay): Т198ТТ197
2026-07-17 00:47:32,641 | INFO     | gate_system.pipeline | Распознан номер: Т198ТТ197 (conf=1.00)
2026-07-17 00:47:32,648 | INFO     | gate_system.pipeline | Повторное открытие подавлено (anti-replay): Т198ТТ197
2026-07-17 00:47:34,095 | INFO     | gate_system.pipeline | Распознан номер: Т198ТТ197 (conf=1.00)
2026-07-17 00:47:34,103 | INFO     | gate_system.pipeline | Повторное открытие подавлено (anti-replay): Т198ТТ197
2026-07-17 00:47:35,603 | INFO     | gate_system.pipeline | Распознан номер: Т198ТТ197 (conf=1.00)
2026-07-17 00:47:35,615 | INFO     | gate_system.pipeline | Повторное открытие подавлено (anti-replay): Т198ТТ197
2026-07-17 00:47:37,244 | INFO     | gate_system.pipeline | Распознан номер: Т198ТТ197 (conf=1.00)
2026-07-17 00:47:37,253 | INFO     | gate_system.pipeline | Повторное открытие подавлено (anti-replay): Т198ТТ197
2026-07-17 00:47:38,762 | INFO     | gate_system.pipeline | Распознан номер: Т198ТТ197 (conf=1.00)
2026-07-17 00:47:38,771 | INFO     | gate_system.pipeline | Повторное открытие подавлено (anti-replay): Т198ТТ197
2026-07-17 00:47:40,250 | INFO     | gate_system.pipeline | Распознан номер: Т198ТТ197 (conf=1.00)
2026-07-17 00:47:40,257 | INFO     | gate_system.gate | Открытие ворот. Источник: auto
2026-07-17 00:47:40,257 | INFO     | gate_system.relay | StubRelay: импульс 500 мс (замыкание контактов)
2026-07-17 00:47:40,762 | INFO     | gate_system.gate | Ворота открыты (источник=auto)
2026-07-17 00:47:40,768 | INFO     | gate_system.events | 🚗 Ворота открыты — Т198ТТ197
2026-07-17 00:47:42,322 | INFO     | gate_system.pipeline | Распознан номер: Т198ТТ197 (conf=1.00)
2026-07-17 00:47:42,329 | INFO     | gate_system.pipeline | Повторное открытие подавлено (anti-replay): Т198ТТ197
2026-07-17 00:47:43,757 | INFO     | gate_system.pipeline | Распознан номер: Т198ТТ197 (conf=1.00)
2026-07-17 00:47:43,764 | INFO     | gate_system.pipeline | Повторное открытие подавлено (anti-replay): Т198ТТ197
2026-07-17 00:47:45,295 | INFO     | gate_system.pipeline | Распознан номер: Т198ТТ197 (conf=1.00)
2026-07-17 00:47:45,306 | INFO     | gate_system.pipeline | Повторное открытие подавлено (anti-replay): Т198ТТ197
2026-07-17 00:47:47,565 | INFO     | gate_system.network | NetworkMonitor остановлен
2026-07-17 00:47:47,566 | INFO     | gate_system.watchdog | Watchdog остановлен
2026-07-17 00:47:47,567 | INFO     | gate_system.diagnostics | Самодиагностика остановлена
2026-07-17 00:47:47,567 | INFO     | gate_system.main | Сервис 'network' остановлен
2026-07-17 00:47:47,568 | INFO     | gate_system.main | Сервис 'watchdog' остановлен
2026-07-17 00:47:47,569 | INFO     | gate_system.main | Сервис 'diagnostics' остановлен
2026-07-17 00:47:47,968 | INFO     | gate_system.main | Сервис 'telegram' остановлен
2026-07-17 00:47:48,244 | INFO     | gate_system.pipeline | Распознан номер: Т198ТТ197 (conf=1.00)
2026-07-17 00:47:48,251 | INFO     | gate_system.pipeline | Повторное открытие подавлено (anti-replay): Т198ТТ197
2026-07-17 00:47:48,267 | INFO     | gate_system.camera | Камера закрыта
2026-07-17 00:47:48,267 | INFO     | gate_system.pipeline | Пайплайн распознавания остановлен
2026-07-17 00:47:48,267 | INFO     | gate_system.main | Сервис 'vision' остановлен
2026-07-17 00:47:48,270 | INFO     | gate_system.main | Все сервисы остановлены
2026-07-17 00:47:48,270 | INFO     | gate_system.events | ⏹️ Система остановлена
2026-07-17 00:47:48,270 | INFO     | gate_system.main | gate_system остановлен
2026-07-17 00:52:56,719 | INFO     | gate_system.main | Запуск gate_system (реле=stub, telegram=вкл)
2026-07-17 00:52:56,719 | INFO     | gate_system.events | ▶️ Система запущена
2026-07-17 00:52:56,967 | INFO     | gate_system.detector | Загрузка модели транспорта: models/yolov8n.pt
2026-07-17 00:52:58,316 | INFO     | gate_system.detector | Модель номеров не задана — распознаю по области автомобиля
2026-07-17 00:52:58,316 | INFO     | gate_system.ocr  | Движок OCR: Nomeroff-Net
2026-07-17 00:52:58,318 | INFO     | gate_system.main | Сервис 'vision' запущен
2026-07-17 00:52:58,318 | INFO     | gate_system.main | Сервис 'network' запущен
2026-07-17 00:52:58,319 | INFO     | gate_system.main | Сервис 'diagnostics' запущен
2026-07-17 00:52:58,320 | INFO     | gate_system.main | Сервис 'watchdog' запущен
2026-07-17 00:52:58,320 | INFO     | gate_system.main | Сервис 'telegram' запущен
2026-07-17 00:52:58,320 | INFO     | gate_system.main | Запущены сервисы: vision, network, diagnostics, watchdog, telegram
2026-07-17 00:52:58,320 | INFO     | gate_system.network | NetworkMonitor запущен (интервал 10 с)
2026-07-17 00:52:58,320 | INFO     | gate_system.diagnostics | Самодиагностика запущена (интервал 60 с)
2026-07-17 00:52:58,324 | INFO     | gate_system.network | Интернет доступен
2026-07-17 00:52:58,320 | INFO     | gate_system.watchdog | Watchdog запущен (таймаут 120 с)
2026-07-17 00:52:58,324 | INFO     | gate_system.events | 🌐 Интернет появился
2026-07-17 00:52:58,336 | WARNING  | gate_system.diagnostics | Диагностика: камера не отвечает
2026-07-17 00:52:58,344 | INFO     | gate_system.camera | Камера подключена: /Users/artemfarniev2013/WebstormProjects/untitled20/car2.mp4
2026-07-17 00:52:58,345 | INFO     | gate_system.pipeline | Пайплайн распознавания запущен
2026-07-17 00:52:58,642 | INFO     | gate_system.telegram | Telegram-бот запущен
2026-07-17 00:53:03,225 | WARNING  | gate_system.pipeline | Кадр не получен — переподключение к камере
2026-07-17 00:53:03,226 | WARNING  | gate_system.camera | Переподключение к камере через 1.0 с: /Users/artemfarniev2013/WebstormProjects/untitled20/car2.mp4
2026-07-17 00:53:03,226 | INFO     | gate_system.events | 📷 Камера не отвечает, пытаюсь переподключиться
2026-07-17 00:53:04,239 | INFO     | gate_system.camera | Камера подключена: /Users/artemfarniev2013/WebstormProjects/untitled20/car2.mp4
2026-07-17 00:53:04,240 | INFO     | gate_system.camera | Камера восстановлена
2026-07-17 00:53:04,240 | INFO     | gate_system.events | 📷 Камера снова на связи
2026-07-17 00:53:07,672 | WARNING  | gate_system.pipeline | Кадр не получен — переподключение к камере
2026-07-17 00:53:07,672 | WARNING  | gate_system.camera | Переподключение к камере через 1.0 с: /Users/artemfarniev2013/WebstormProjects/untitled20/car2.mp4
2026-07-17 00:53:07,672 | INFO     | gate_system.events | 📷 Камера не отвечает, пытаюсь переподключиться
2026-07-17 00:53:08,687 | INFO     | gate_system.camera | Камера подключена: /Users/artemfarniev2013/WebstormProjects/untitled20/car2.mp4
2026-07-17 00:53:08,687 | INFO     | gate_system.camera | Камера восстановлена
2026-07-17 00:53:08,687 | INFO     | gate_system.events | 📷 Камера снова на связи
2026-07-17 00:53:12,258 | WARNING  | gate_system.pipeline | Кадр не получен — переподключение к камере
2026-07-17 00:53:12,259 | WARNING  | gate_system.camera | Переподключение к камере через 1.0 с: /Users/artemfarniev2013/WebstormProjects/untitled20/car2.mp4
2026-07-17 00:53:12,260 | INFO     | gate_system.events | 📷 Камера не отвечает, пытаюсь переподключиться
2026-07-17 00:53:13,274 | INFO     | gate_system.camera | Камера подключена: /Users/artemfarniev2013/WebstormProjects/untitled20/car2.mp4
2026-07-17 00:53:13,274 | INFO     | gate_system.camera | Камера восстановлена
2026-07-17 00:53:13,275 | INFO     | gate_system.events | 📷 Камера снова на связи
2026-07-17 00:53:16,751 | WARNING  | gate_system.pipeline | Кадр не получен — переподключение к камере
2026-07-17 00:53:16,752 | WARNING  | gate_system.camera | Переподключение к камере через 1.0 с: /Users/artemfarniev2013/WebstormProjects/untitled20/car2.mp4
2026-07-17 00:53:16,752 | INFO     | gate_system.events | 📷 Камера не отвечает, пытаюсь переподключиться
2026-07-17 00:53:17,767 | INFO     | gate_system.camera | Камера подключена: /Users/artemfarniev2013/WebstormProjects/untitled20/car2.mp4
2026-07-17 00:53:17,767 | INFO     | gate_system.camera | Камера восстановлена
2026-07-17 00:53:17,767 | INFO     | gate_system.events | 📷 Камера снова на связи
2026-07-17 00:53:21,452 | WARNING  | gate_system.pipeline | Кадр не получен — переподключение к камере
2026-07-17 00:53:21,454 | WARNING  | gate_system.camera | Переподключение к камере через 1.0 с: /Users/artemfarniev2013/WebstormProjects/untitled20/car2.mp4
2026-07-17 00:53:21,454 | INFO     | gate_system.events | 📷 Камера не отвечает, пытаюсь переподключиться
2026-07-17 00:53:22,473 | INFO     | gate_system.camera | Камера подключена: /Users/artemfarniev2013/WebstormProjects/untitled20/car2.mp4
2026-07-17 00:53:22,473 | INFO     | gate_system.camera | Камера восстановлена
2026-07-17 00:53:22,473 | INFO     | gate_system.events | 📷 Камера снова на связи
2026-07-17 00:53:26,093 | INFO     | gate_system.network | NetworkMonitor остановлен
2026-07-17 00:53:26,093 | INFO     | gate_system.diagnostics | Самодиагностика остановлена
2026-07-17 00:53:26,097 | INFO     | gate_system.main | Сервис 'diagnostics' остановлен
2026-07-17 00:53:26,093 | INFO     | gate_system.watchdog | Watchdog остановлен
2026-07-17 00:53:26,097 | INFO     | gate_system.main | Сервис 'network' остановлен
2026-07-17 00:53:26,099 | INFO     | gate_system.main | Сервис 'watchdog' остановлен
2026-07-17 00:53:26,130 | INFO     | gate_system.camera | Камера закрыта
2026-07-17 00:53:26,130 | INFO     | gate_system.pipeline | Пайплайн распознавания остановлен
2026-07-17 00:53:26,130 | INFO     | gate_system.main | Сервис 'vision' остановлен
2026-07-17 00:53:26,369 | INFO     | gate_system.main | Сервис 'telegram' остановлен
2026-07-17 00:53:26,369 | INFO     | gate_system.main | Все сервисы остановлены
2026-07-17 00:53:26,369 | INFO     | gate_system.events | ⏹️ Система остановлена
2026-07-17 00:53:26,370 | INFO     | gate_system.main | gate_system остановлен
2026-07-17 10:35:46,041 | INFO     | gate_system.main | Запуск gate_system (реле=stub, telegram=вкл)
2026-07-17 10:35:46,041 | INFO     | gate_system.events | ▶️ Система запущена
2026-07-17 10:35:46,303 | INFO     | gate_system.detector | Загрузка модели транспорта: models/yolov8n.pt
2026-07-17 10:35:47,389 | INFO     | gate_system.detector | Загрузка модели номеров: models/best.pt
2026-07-17 10:35:47,407 | INFO     | gate_system.ocr  | Движок OCR: Nomeroff-Net
2026-07-17 10:35:47,412 | INFO     | gate_system.main | Сервис 'vision' запущен
2026-07-17 10:35:47,412 | INFO     | gate_system.main | Сервис 'network' запущен
2026-07-17 10:35:47,413 | INFO     | gate_system.main | Сервис 'diagnostics' запущен
2026-07-17 10:35:47,413 | INFO     | gate_system.main | Сервис 'watchdog' запущен
2026-07-17 10:35:47,413 | INFO     | gate_system.main | Сервис 'telegram' запущен
2026-07-17 10:35:47,413 | INFO     | gate_system.network | NetworkMonitor запущен (интервал 10 с)
2026-07-17 10:35:47,413 | INFO     | gate_system.main | Запущены сервисы: vision, network, diagnostics, watchdog, telegram
2026-07-17 10:35:47,413 | INFO     | gate_system.diagnostics | Самодиагностика запущена (интервал 60 с)
2026-07-17 10:35:47,413 | INFO     | gate_system.watchdog | Watchdog запущен (таймаут 120 с)
2026-07-17 10:35:47,413 | INFO     | gate_system.network | Интернет доступен
2026-07-17 10:35:47,413 | INFO     | gate_system.events | 🌐 Интернет появился
2026-07-17 10:35:47,447 | INFO     | gate_system.camera | Камера подключена: /Users/artemfarniev2013/WebstormProjects/untitled20/car3.mp4
2026-07-17 10:35:47,447 | INFO     | gate_system.pipeline | Пайплайн распознавания запущен
2026-07-17 10:35:47,449 | WARNING  | gate_system.diagnostics | Диагностика: камера не отвечает
2026-07-17 10:35:47,665 | INFO     | gate_system.telegram | Telegram-бот запущен
2026-07-17 10:35:49,961 | INFO     | gate_system.ocr.nomeroff | Загрузчик моделей Nomeroff заменён на устойчивый (с докачкой)
2026-07-17 10:35:49,962 | INFO     | gate_system.ocr.nomeroff | Загрузка пайплайна Nomeroff-Net: number_plate_detection_and_reading
2026-07-17 10:35:52,670 | ERROR    | gate_system.main | Сервис 'telegram' аварийно завершился
Traceback (most recent call last):
  File "/Users/artemfarniev2013/WebstormProjects/untitled20/gate_system/.venv312/lib/python3.12/site-packages/httpx/_transports/default.py", line 101, in map_httpcore_exceptions
    yield
  File "/Users/artemfarniev2013/WebstormProjects/untitled20/gate_system/.venv312/lib/python3.12/site-packages/httpx/_transports/default.py", line 394, in handle_async_request
    resp = await self._pool.handle_async_request(req)
           ^^^^^^^^^^^^^^^^^^^^^^^^^^^^^^^^^^^^^^^^^^
  File "/Users/artemfarniev2013/WebstormProjects/untitled20/gate_system/.venv312/lib/python3.12/site-packages/httpcore/_async/connection_pool.py", line 256, in handle_async_request
    raise exc from None
  File "/Users/artemfarniev2013/WebstormProjects/untitled20/gate_system/.venv312/lib/python3.12/site-packages/httpcore/_async/connection_pool.py", line 236, in handle_async_request
    response = await connection.handle_async_request(
               ^^^^^^^^^^^^^^^^^^^^^^^^^^^^^^^^^^^^^^
  File "/Users/artemfarniev2013/WebstormProjects/untitled20/gate_system/.venv312/lib/python3.12/site-packages/httpcore/_async/connection.py", line 101, in handle_async_request
    raise exc
  File "/Users/artemfarniev2013/WebstormProjects/untitled20/gate_system/.venv312/lib/python3.12/site-packages/httpcore/_async/connection.py", line 78, in handle_async_request
    stream = await self._connect(request)
             ^^^^^^^^^^^^^^^^^^^^^^^^^^^^
  File "/Users/artemfarniev2013/WebstormProjects/untitled20/gate_system/.venv312/lib/python3.12/site-packages/httpcore/_async/connection.py", line 124, in _connect
    stream = await self._network_backend.connect_tcp(**kwargs)
             ^^^^^^^^^^^^^^^^^^^^^^^^^^^^^^^^^^^^^^^^^^^^^^^^^
  File "/Users/artemfarniev2013/WebstormProjects/untitled20/gate_system/.venv312/lib/python3.12/site-packages/httpcore/_backends/auto.py", line 31, in connect_tcp
    return await self._backend.connect_tcp(
           ^^^^^^^^^^^^^^^^^^^^^^^^^^^^^^^^
  File "/Users/artemfarniev2013/WebstormProjects/untitled20/gate_system/.venv312/lib/python3.12/site-packages/httpcore/_backends/anyio.py", line 113, in connect_tcp
    with map_exceptions(exc_map):
  File "/Library/Frameworks/Python.framework/Versions/3.12/lib/python3.12/contextlib.py", line 158, in __exit__
    self.gen.throw(value)
  File "/Users/artemfarniev2013/WebstormProjects/untitled20/gate_system/.venv312/lib/python3.12/site-packages/httpcore/_exceptions.py", line 14, in map_exceptions
    raise to_exc(exc) from exc
httpcore.ConnectTimeout

The above exception was the direct cause of the following exception:

Traceback (most recent call last):
  File "/Users/artemfarniev2013/WebstormProjects/untitled20/gate_system/.venv312/lib/python3.12/site-packages/telegram/request/_httpxrequest.py", line 292, in do_request
    res = await self._client.request(
          ^^^^^^^^^^^^^^^^^^^^^^^^^^^
  File "/Users/artemfarniev2013/WebstormProjects/untitled20/gate_system/.venv312/lib/python3.12/site-packages/httpx/_client.py", line 1540, in request
    return await self.send(request, auth=auth, follow_redirects=follow_redirects)
           ^^^^^^^^^^^^^^^^^^^^^^^^^^^^^^^^^^^^^^^^^^^^^^^^^^^^^^^^^^^^^^^^^^^^^^
  File "/Users/artemfarniev2013/WebstormProjects/untitled20/gate_system/.venv312/lib/python3.12/site-packages/httpx/_client.py", line 1629, in send
    response = await self._send_handling_auth(
               ^^^^^^^^^^^^^^^^^^^^^^^^^^^^^^^
  File "/Users/artemfarniev2013/WebstormProjects/untitled20/gate_system/.venv312/lib/python3.12/site-packages/httpx/_client.py", line 1657, in _send_handling_auth
    response = await self._send_handling_redirects(
               ^^^^^^^^^^^^^^^^^^^^^^^^^^^^^^^^^^^^
  File "/Users/artemfarniev2013/WebstormProjects/untitled20/gate_system/.venv312/lib/python3.12/site-packages/httpx/_client.py", line 1694, in _send_handling_redirects
    response = await self._send_single_request(request)
               ^^^^^^^^^^^^^^^^^^^^^^^^^^^^^^^^^^^^^^^^
  File "/Users/artemfarniev2013/WebstormProjects/untitled20/gate_system/.venv312/lib/python3.12/site-packages/httpx/_client.py", line 1730, in _send_single_request
    response = await transport.handle_async_request(request)
               ^^^^^^^^^^^^^^^^^^^^^^^^^^^^^^^^^^^^^^^^^^^^^
  File "/Users/artemfarniev2013/WebstormProjects/untitled20/gate_system/.venv312/lib/python3.12/site-packages/httpx/_transports/default.py", line 393, in handle_async_request
    with map_httpcore_exceptions():
  File "/Library/Frameworks/Python.framework/Versions/3.12/lib/python3.12/contextlib.py", line 158, in __exit__
    self.gen.throw(value)
  File "/Users/artemfarniev2013/WebstormProjects/untitled20/gate_system/.venv312/lib/python3.12/site-packages/httpx/_transports/default.py", line 118, in map_httpcore_exceptions
    raise mapped_exc(message) from exc
httpx.ConnectTimeout

The above exception was the direct cause of the following exception:

Traceback (most recent call last):
  File "/Users/artemfarniev2013/WebstormProjects/untitled20/gate_system/main.py", line 76, in _run_service
    svc.run_forever()
  File "/Users/artemfarniev2013/WebstormProjects/untitled20/gate_system/main.py", line 40, in run_forever
    self._notifier.run()
  File "/Users/artemfarniev2013/WebstormProjects/untitled20/gate_system/telegram_bot.py", line 507, in run
    app.run_polling(close_loop=False, stop_signals=None)
  File "/Users/artemfarniev2013/WebstormProjects/untitled20/gate_system/.venv312/lib/python3.12/site-packages/telegram/ext/_application.py", line 881, in run_polling
    return self.__run(
           ^^^^^^^^^^^
  File "/Users/artemfarniev2013/WebstormProjects/untitled20/gate_system/.venv312/lib/python3.12/site-packages/telegram/ext/_application.py", line 1079, in __run
    loop.run_until_complete(self.initialize())
  File "/Library/Frameworks/Python.framework/Versions/3.12/lib/python3.12/asyncio/base_events.py", line 687, in run_until_complete
    return future.result()
           ^^^^^^^^^^^^^^^
  File "/Users/artemfarniev2013/WebstormProjects/untitled20/gate_system/.venv312/lib/python3.12/site-packages/telegram/ext/_application.py", line 503, in initialize
    await self.bot.initialize()
  File "/Users/artemfarniev2013/WebstormProjects/untitled20/gate_system/.venv312/lib/python3.12/site-packages/telegram/ext/_extbot.py", line 301, in initialize
    await super().initialize()
  File "/Users/artemfarniev2013/WebstormProjects/untitled20/gate_system/.venv312/lib/python3.12/site-packages/telegram/_bot.py", line 777, in initialize
    await self.get_me()
  File "/Users/artemfarniev2013/WebstormProjects/untitled20/gate_system/.venv312/lib/python3.12/site-packages/telegram/ext/_extbot.py", line 1920, in get_me
    return await super().get_me(
           ^^^^^^^^^^^^^^^^^^^^^
  File "/Users/artemfarniev2013/WebstormProjects/untitled20/gate_system/.venv312/lib/python3.12/site-packages/telegram/_bot.py", line 909, in get_me
    result = await self._post(
             ^^^^^^^^^^^^^^^^^
  File "/Users/artemfarniev2013/WebstormProjects/untitled20/gate_system/.venv312/lib/python3.12/site-packages/telegram/_bot.py", line 623, in _post
    return await self._do_post(
           ^^^^^^^^^^^^^^^^^^^^
  File "/Users/artemfarniev2013/WebstormProjects/untitled20/gate_system/.venv312/lib/python3.12/site-packages/telegram/ext/_extbot.py", line 355, in _do_post
    return await super()._do_post(
           ^^^^^^^^^^^^^^^^^^^^^^^
  File "/Users/artemfarniev2013/WebstormProjects/untitled20/gate_system/.venv312/lib/python3.12/site-packages/telegram/_bot.py", line 652, in _do_post
    result = await request.post(
             ^^^^^^^^^^^^^^^^^^^
  File "/Users/artemfarniev2013/WebstormProjects/untitled20/gate_system/.venv312/lib/python3.12/site-packages/telegram/request/_baserequest.py", line 201, in post
    result = await self._request_wrapper(
             ^^^^^^^^^^^^^^^^^^^^^^^^^^^^
  File "/Users/artemfarniev2013/WebstormProjects/untitled20/gate_system/.venv312/lib/python3.12/site-packages/telegram/request/_baserequest.py", line 333, in _request_wrapper
    code, payload = await self.do_request(
                    ^^^^^^^^^^^^^^^^^^^^^^
  File "/Users/artemfarniev2013/WebstormProjects/untitled20/gate_system/.venv312/lib/python3.12/site-packages/telegram/request/_httpxrequest.py", line 309, in do_request
    raise TimedOut from err
telegram.error.TimedOut: Timed out
2026-07-17 10:35:52,680 | INFO     | gate_system.main | Сервис 'telegram' остановлен
2026-07-17 10:35:52,680 | WARNING  | gate_system.main | Вспомогательный сервис 'telegram' остановился — продолжаем без него
2026-07-17 10:36:14,813 | INFO     | gate_system.pipeline | Номер собран по кадрам: Х002МС177
2026-07-17 10:36:14,832 | INFO     | gate_system.gate | Открытие ворот. Источник: auto
2026-07-17 10:36:14,832 | INFO     | gate_system.relay | StubRelay: импульс 500 мс (замыкание контактов)
2026-07-17 10:36:15,337 | INFO     | gate_system.gate | Ворота открыты (источник=auto)
2026-07-17 10:36:15,347 | INFO     | gate_system.events | 🚗 Ворота открыты — Х002МС177
2026-07-17 10:36:24,574 | INFO     | gate_system.watchdog | Watchdog остановлен
2026-07-17 10:36:24,574 | INFO     | gate_system.diagnostics | Самодиагностика остановлена
2026-07-17 10:36:24,574 | INFO     | gate_system.network | NetworkMonitor остановлен
2026-07-17 10:36:24,574 | INFO     | gate_system.main | Сервис 'network' остановлен
2026-07-17 10:36:24,574 | INFO     | gate_system.main | Сервис 'diagnostics' остановлен
2026-07-17 10:36:24,574 | INFO     | gate_system.main | Сервис 'watchdog' остановлен
2026-07-17 10:36:25,162 | INFO     | gate_system.camera | Камера закрыта
2026-07-17 10:36:25,162 | INFO     | gate_system.pipeline | Пайплайн распознавания остановлен
2026-07-17 10:36:25,162 | INFO     | gate_system.main | Сервис 'vision' остановлен
2026-07-17 10:36:25,163 | INFO     | gate_system.main | Все сервисы остановлены
2026-07-17 10:36:25,163 | INFO     | gate_system.events | ⏹️ Система остановлена
2026-07-17 10:36:25,163 | INFO     | gate_system.main | gate_system остановлен
2026-07-17 10:40:02,048 | INFO     | gate_system.main | Запуск gate_system (реле=stub, telegram=вкл)
2026-07-17 10:40:02,048 | INFO     | gate_system.events | ▶️ Система запущена
2026-07-17 10:40:02,309 | INFO     | gate_system.detector | Загрузка модели транспорта: models/yolov8n.pt
2026-07-17 10:40:03,344 | INFO     | gate_system.detector | Загрузка модели номеров: models/best.pt
2026-07-17 10:40:03,363 | INFO     | gate_system.ocr  | Движок OCR: Nomeroff-Net
2026-07-17 10:40:03,366 | INFO     | gate_system.main | Сервис 'vision' запущен
2026-07-17 10:40:03,366 | INFO     | gate_system.main | Сервис 'network' запущен
2026-07-17 10:40:03,366 | INFO     | gate_system.main | Сервис 'diagnostics' запущен
2026-07-17 10:40:03,366 | INFO     | gate_system.main | Сервис 'watchdog' запущен
2026-07-17 10:40:03,366 | INFO     | gate_system.main | Сервис 'telegram' запущен
2026-07-17 10:40:03,366 | INFO     | gate_system.network | NetworkMonitor запущен (интервал 10 с)
2026-07-17 10:40:03,367 | INFO     | gate_system.main | Запущены сервисы: vision, network, diagnostics, watchdog, telegram
2026-07-17 10:40:03,367 | INFO     | gate_system.diagnostics | Самодиагностика запущена (интервал 60 с)
2026-07-17 10:40:03,367 | INFO     | gate_system.watchdog | Watchdog запущен (таймаут 120 с)
2026-07-17 10:40:03,367 | INFO     | gate_system.network | Интернет доступен
2026-07-17 10:40:03,368 | INFO     | gate_system.events | 🌐 Интернет появился
2026-07-17 10:40:03,376 | WARNING  | gate_system.diagnostics | Диагностика: камера не отвечает
2026-07-17 10:40:03,391 | INFO     | gate_system.camera | Камера подключена: /Users/artemfarniev2013/WebstormProjects/untitled20/car3.mp4
2026-07-17 10:40:03,392 | INFO     | gate_system.pipeline | Пайплайн распознавания запущен
2026-07-17 10:40:03,568 | INFO     | gate_system.telegram | Telegram-бот запущен
2026-07-17 10:40:05,974 | INFO     | gate_system.ocr.nomeroff | Загрузчик моделей Nomeroff заменён на устойчивый (с докачкой)
2026-07-17 10:40:05,975 | INFO     | gate_system.ocr.nomeroff | Загрузка пайплайна Nomeroff-Net: number_plate_detection_and_reading
2026-07-17 10:40:30,580 | INFO     | gate_system.pipeline | Номер собран по кадрам: Х002МС177
2026-07-17 10:40:30,587 | INFO     | gate_system.gate | Открытие ворот. Источник: auto
2026-07-17 10:40:30,587 | INFO     | gate_system.relay | StubRelay: импульс 500 мс (замыкание контактов)
2026-07-17 10:40:31,092 | INFO     | gate_system.gate | Ворота открыты (источник=auto)
2026-07-17 10:40:31,102 | INFO     | gate_system.events | 🚗 Ворота открыты — Х002МС177
2026-07-17 10:41:15,286 | INFO     | gate_system.gate | Открытие ворот. Источник: telegram
2026-07-17 10:41:15,286 | INFO     | gate_system.relay | StubRelay: импульс 500 мс (замыкание контактов)
2026-07-17 10:41:15,791 | INFO     | gate_system.gate | Ворота открыты (источник=telegram)
2026-07-17 10:41:15,791 | INFO     | gate_system.telegram | Команда /open (user_id=561733567) — ворота открыты
2026-07-17 10:41:15,791 | INFO     | gate_system.events | 🔓 Ворота открыты через Telegram
2026-07-17 10:41:49,461 | WARNING  | gate_system.pipeline | Кадр не получен — переподключение к камере
2026-07-17 10:41:49,462 | WARNING  | gate_system.camera | Переподключение к камере через 1.0 с: /Users/artemfarniev2013/WebstormProjects/untitled20/car3.mp4
2026-07-17 10:41:49,462 | INFO     | gate_system.events | 📷 Камера не отвечает, пытаюсь переподключиться
2026-07-17 10:41:50,504 | INFO     | gate_system.camera | Камера подключена: /Users/artemfarniev2013/WebstormProjects/untitled20/car3.mp4
2026-07-17 10:41:50,505 | INFO     | gate_system.camera | Камера восстановлена
2026-07-17 10:41:50,505 | INFO     | gate_system.events | 📷 Камера снова на связи
2026-07-17 10:42:01,891 | INFO     | gate_system.gate | Открытие ворот. Источник: telegram
2026-07-17 10:42:01,891 | INFO     | gate_system.relay | StubRelay: импульс 500 мс (замыкание контактов)
2026-07-17 10:42:02,396 | INFO     | gate_system.gate | Ворота открыты (источник=telegram)
2026-07-17 10:42:02,397 | INFO     | gate_system.telegram | Команда /open (user_id=561733567) — ворота открыты
2026-07-17 10:42:02,397 | INFO     | gate_system.events | 🔓 Ворота открыты через Telegram
2026-07-17 10:43:24,238 | WARNING  | gate_system.pipeline | Кадр не получен — переподключение к камере
2026-07-17 10:43:24,239 | WARNING  | gate_system.camera | Переподключение к камере через 1.0 с: /Users/artemfarniev2013/WebstormProjects/untitled20/car3.mp4
2026-07-17 10:43:24,239 | INFO     | gate_system.events | 📷 Камера не отвечает, пытаюсь переподключиться
2026-07-17 10:43:25,290 | INFO     | gate_system.camera | Камера подключена: /Users/artemfarniev2013/WebstormProjects/untitled20/car3.mp4
2026-07-17 10:43:25,291 | INFO     | gate_system.camera | Камера восстановлена
2026-07-17 10:43:25,291 | INFO     | gate_system.events | 📷 Камера снова на связи
2026-07-17 10:45:00,117 | WARNING  | gate_system.pipeline | Кадр не получен — переподключение к камере
2026-07-17 10:45:00,118 | WARNING  | gate_system.camera | Переподключение к камере через 1.0 с: /Users/artemfarniev2013/WebstormProjects/untitled20/car3.mp4
2026-07-17 10:45:00,118 | INFO     | gate_system.events | 📷 Камера не отвечает, пытаюсь переподключиться
2026-07-17 10:45:01,154 | INFO     | gate_system.camera | Камера подключена: /Users/artemfarniev2013/WebstormProjects/untitled20/car3.mp4
2026-07-17 10:45:01,155 | INFO     | gate_system.camera | Камера восстановлена
2026-07-17 10:45:01,155 | INFO     | gate_system.events | 📷 Камера снова на связи
2026-07-17 10:46:16,781 | INFO     | gate_system.network | NetworkMonitor остановлен
2026-07-17 10:46:16,781 | INFO     | gate_system.watchdog | Watchdog остановлен
2026-07-17 10:46:16,781 | INFO     | gate_system.diagnostics | Самодиагностика остановлена
2026-07-17 10:46:16,783 | INFO     | gate_system.main | Сервис 'network' остановлен
2026-07-17 10:46:16,784 | INFO     | gate_system.main | Сервис 'watchdog' остановлен
2026-07-17 10:46:16,784 | INFO     | gate_system.main | Сервис 'diagnostics' остановлен
2026-07-17 10:46:17,032 | INFO     | gate_system.main | Сервис 'telegram' остановлен
2026-07-17 10:46:17,140 | INFO     | gate_system.camera | Камера закрыта
2026-07-17 10:46:17,140 | INFO     | gate_system.pipeline | Пайплайн распознавания остановлен
2026-07-17 10:46:17,140 | INFO     | gate_system.main | Сервис 'vision' остановлен
2026-07-17 10:46:17,141 | INFO     | gate_system.main | Все сервисы остановлены
2026-07-17 10:46:17,141 | INFO     | gate_system.events | ⏹️ Система остановлена
2026-07-17 10:46:17,141 | INFO     | gate_system.main | gate_system остановлен
2026-07-17 10:46:28,527 | INFO     | gate_system.main | Запуск gate_system (реле=stub, telegram=вкл)
2026-07-17 10:46:28,527 | INFO     | gate_system.events | ▶️ Система запущена
2026-07-17 10:46:28,754 | INFO     | gate_system.detector | Загрузка модели транспорта: models/yolov8n.pt
2026-07-17 10:46:29,751 | INFO     | gate_system.detector | Загрузка модели номеров: models/best.pt
2026-07-17 10:46:29,769 | INFO     | gate_system.ocr  | Движок OCR: Nomeroff-Net
2026-07-17 10:46:29,772 | INFO     | gate_system.main | Сервис 'vision' запущен
2026-07-17 10:46:29,772 | INFO     | gate_system.main | Сервис 'network' запущен
2026-07-17 10:46:29,772 | INFO     | gate_system.main | Сервис 'diagnostics' запущен
2026-07-17 10:46:29,772 | INFO     | gate_system.main | Сервис 'watchdog' запущен
2026-07-17 10:46:29,772 | INFO     | gate_system.main | Сервис 'telegram' запущен
2026-07-17 10:46:29,772 | INFO     | gate_system.network | NetworkMonitor запущен (интервал 10 с)
2026-07-17 10:46:29,772 | INFO     | gate_system.main | Запущены сервисы: vision, network, diagnostics, watchdog, telegram
2026-07-17 10:46:29,772 | INFO     | gate_system.diagnostics | Самодиагностика запущена (интервал 60 с)
2026-07-17 10:46:29,773 | INFO     | gate_system.watchdog | Watchdog запущен (таймаут 120 с)
2026-07-17 10:46:29,774 | INFO     | gate_system.network | Интернет доступен
2026-07-17 10:46:29,774 | INFO     | gate_system.events | 🌐 Интернет появился
2026-07-17 10:46:29,781 | INFO     | gate_system.camera | Камера подключена: /Users/artemfarniev2013/WebstormProjects/untitled20/car3.mp4
2026-07-17 10:46:29,781 | INFO     | gate_system.pipeline | Пайплайн распознавания запущен
2026-07-17 10:46:29,781 | WARNING  | gate_system.diagnostics | Диагностика: камера не отвечает
2026-07-17 10:46:29,977 | INFO     | gate_system.telegram | Telegram-бот запущен
2026-07-17 10:46:32,374 | INFO     | gate_system.ocr.nomeroff | Загрузчик моделей Nomeroff заменён на устойчивый (с докачкой)
2026-07-17 10:46:32,374 | INFO     | gate_system.ocr.nomeroff | Загрузка пайплайна Nomeroff-Net: number_plate_detection_and_reading
2026-07-17 10:46:57,237 | INFO     | gate_system.pipeline | Номер собран по кадрам: Х002МС177
2026-07-17 10:46:57,244 | INFO     | gate_system.gate | Открытие ворот. Источник: auto
2026-07-17 10:46:57,244 | INFO     | gate_system.relay | StubRelay: импульс 500 мс (замыкание контактов)
2026-07-17 10:46:57,750 | INFO     | gate_system.gate | Ворота открыты (источник=auto)
2026-07-17 10:46:57,757 | INFO     | gate_system.events | 🚗 Ворота открыты — Х002МС177
2026-07-17 10:47:57,481 | INFO     | gate_system.pipeline | Номер собран по кадрам: Х002МС177
2026-07-17 10:47:57,487 | INFO     | gate_system.gate | Открытие ворот. Источник: auto
2026-07-17 10:47:57,487 | INFO     | gate_system.relay | StubRelay: импульс 500 мс (замыкание контактов)
2026-07-17 10:47:57,992 | INFO     | gate_system.gate | Ворота открыты (источник=auto)
2026-07-17 10:47:57,999 | INFO     | gate_system.events | 🚗 Ворота открыты — Х002МС177
2026-07-17 10:48:13,048 | WARNING  | gate_system.pipeline | Кадр не получен — переподключение к камере
2026-07-17 10:48:13,048 | WARNING  | gate_system.camera | Переподключение к камере через 1.0 с: /Users/artemfarniev2013/WebstormProjects/untitled20/car3.mp4
2026-07-17 10:48:13,048 | INFO     | gate_system.events | 📷 Камера не отвечает, пытаюсь переподключиться
2026-07-17 10:48:14,090 | INFO     | gate_system.camera | Камера подключена: /Users/artemfarniev2013/WebstormProjects/untitled20/car3.mp4
2026-07-17 10:48:14,090 | INFO     | gate_system.camera | Камера восстановлена
2026-07-17 10:48:14,090 | INFO     | gate_system.events | 📷 Камера снова на связи
2026-07-17 10:48:58,068 | INFO     | gate_system.pipeline | Номер собран по кадрам: Х002МС177
2026-07-17 10:48:58,074 | INFO     | gate_system.gate | Открытие ворот. Источник: auto
2026-07-17 10:48:58,074 | INFO     | gate_system.relay | StubRelay: импульс 500 мс (замыкание контактов)
2026-07-17 10:48:58,579 | INFO     | gate_system.gate | Ворота открыты (источник=auto)
2026-07-17 10:48:58,586 | INFO     | gate_system.events | 🚗 Ворота открыты — Х002МС177
2026-07-17 10:49:45,861 | WARNING  | gate_system.pipeline | Кадр не получен — переподключение к камере
2026-07-17 10:49:45,863 | WARNING  | gate_system.camera | Переподключение к камере через 1.0 с: /Users/artemfarniev2013/WebstormProjects/untitled20/car3.mp4
2026-07-17 10:49:45,863 | INFO     | gate_system.events | 📷 Камера не отвечает, пытаюсь переподключиться
2026-07-17 10:49:46,888 | INFO     | gate_system.camera | Камера подключена: /Users/artemfarniev2013/WebstormProjects/untitled20/car3.mp4
2026-07-17 10:49:46,889 | INFO     | gate_system.camera | Камера восстановлена
2026-07-17 10:49:46,889 | INFO     | gate_system.events | 📷 Камера снова на связи
2026-07-17 10:49:58,084 | INFO     | gate_system.pipeline | Номер собран по кадрам: Х002МС177
2026-07-17 10:49:58,090 | INFO     | gate_system.gate | Открытие ворот. Источник: auto
2026-07-17 10:49:58,090 | INFO     | gate_system.relay | StubRelay: импульс 500 мс (замыкание контактов)
2026-07-17 10:49:58,596 | INFO     | gate_system.gate | Ворота открыты (источник=auto)
2026-07-17 10:49:58,602 | INFO     | gate_system.events | 🚗 Ворота открыты — Х002МС177
2026-07-17 10:50:58,847 | INFO     | gate_system.pipeline | Номер собран по кадрам: Х002МС177
2026-07-17 10:50:58,854 | INFO     | gate_system.gate | Открытие ворот. Источник: auto
2026-07-17 10:50:58,854 | INFO     | gate_system.relay | StubRelay: импульс 500 мс (замыкание контактов)
2026-07-17 10:50:59,359 | INFO     | gate_system.gate | Ворота открыты (источник=auto)
2026-07-17 10:50:59,373 | INFO     | gate_system.events | 🚗 Ворота открыты — Х002МС177
2026-07-17 10:51:20,306 | WARNING  | gate_system.pipeline | Кадр не получен — переподключение к камере
2026-07-17 10:51:20,308 | WARNING  | gate_system.camera | Переподключение к камере через 1.0 с: /Users/artemfarniev2013/WebstormProjects/untitled20/car3.mp4
2026-07-17 10:51:20,308 | INFO     | gate_system.events | 📷 Камера не отвечает, пытаюсь переподключиться
2026-07-17 10:51:21,343 | INFO     | gate_system.camera | Камера подключена: /Users/artemfarniev2013/WebstormProjects/untitled20/car3.mp4
2026-07-17 10:51:21,343 | INFO     | gate_system.camera | Камера восстановлена
2026-07-17 10:51:21,343 | INFO     | gate_system.events | 📷 Камера снова на связи
2026-07-17 10:51:56,073 | INFO     | gate_system.network | NetworkMonitor остановлен
2026-07-17 10:51:56,073 | INFO     | gate_system.diagnostics | Самодиагностика остановлена
2026-07-17 10:51:56,073 | INFO     | gate_system.watchdog | Watchdog остановлен
2026-07-17 10:51:56,074 | INFO     | gate_system.main | Сервис 'network' остановлен
2026-07-17 10:51:56,074 | INFO     | gate_system.main | Сервис 'diagnostics' остановлен
2026-07-17 10:51:56,074 | INFO     | gate_system.main | Сервис 'watchdog' остановлен
2026-07-17 10:51:56,571 | INFO     | gate_system.main | Сервис 'telegram' остановлен
2026-07-17 10:51:57,031 | INFO     | gate_system.camera | Камера закрыта
2026-07-17 10:51:57,031 | INFO     | gate_system.pipeline | Пайплайн распознавания остановлен
2026-07-17 10:51:57,031 | INFO     | gate_system.main | Сервис 'vision' остановлен
2026-07-17 10:51:57,032 | INFO     | gate_system.main | Все сервисы остановлены
2026-07-17 10:51:57,032 | INFO     | gate_system.events | ⏹️ Система остановлена
2026-07-17 10:51:57,033 | INFO     | gate_system.main | gate_system остановлен
2026-07-17 10:52:01,774 | INFO     | gate_system.main | Запуск gate_system (реле=stub, telegram=вкл)
2026-07-17 10:52:01,774 | INFO     | gate_system.events | ▶️ Система запущена
2026-07-17 10:52:01,995 | INFO     | gate_system.detector | Загрузка модели транспорта: models/yolov8n.pt
2026-07-17 10:52:02,960 | INFO     | gate_system.detector | Загрузка модели номеров: models/best.pt
2026-07-17 10:52:02,977 | INFO     | gate_system.ocr  | Движок OCR: Nomeroff-Net
2026-07-17 10:52:02,980 | INFO     | gate_system.main | Сервис 'vision' запущен
2026-07-17 10:52:02,981 | INFO     | gate_system.main | Сервис 'network' запущен
2026-07-17 10:52:02,981 | INFO     | gate_system.main | Сервис 'diagnostics' запущен
2026-07-17 10:52:02,981 | INFO     | gate_system.main | Сервис 'watchdog' запущен
2026-07-17 10:52:02,981 | INFO     | gate_system.main | Сервис 'telegram' запущен
2026-07-17 10:52:02,981 | INFO     | gate_system.network | NetworkMonitor запущен (интервал 10 с)
2026-07-17 10:52:02,981 | INFO     | gate_system.main | Запущены сервисы: vision, network, diagnostics, watchdog, telegram
2026-07-17 10:52:02,981 | INFO     | gate_system.diagnostics | Самодиагностика запущена (интервал 60 с)
2026-07-17 10:52:02,981 | INFO     | gate_system.watchdog | Watchdog запущен (таймаут 120 с)
2026-07-17 10:52:02,982 | INFO     | gate_system.network | Интернет доступен
2026-07-17 10:52:02,982 | INFO     | gate_system.events | 🌐 Интернет появился
2026-07-17 10:52:02,989 | INFO     | gate_system.camera | Камера подключена: /Users/artemfarniev2013/WebstormProjects/untitled20/car3.mp4
2026-07-17 10:52:02,989 | INFO     | gate_system.pipeline | Пайплайн распознавания запущен
2026-07-17 10:52:02,990 | WARNING  | gate_system.diagnostics | Диагностика: камера не отвечает
2026-07-17 10:52:03,207 | INFO     | gate_system.telegram | Telegram-бот запущен
2026-07-17 10:52:05,795 | INFO     | gate_system.ocr.nomeroff | Загрузчик моделей Nomeroff заменён на устойчивый (с докачкой)
2026-07-17 10:52:05,796 | INFO     | gate_system.ocr.nomeroff | Загрузка пайплайна Nomeroff-Net: number_plate_detection_and_reading
2026-07-17 10:52:31,073 | INFO     | gate_system.pipeline | Номер собран по кадрам: Х002МС177
2026-07-17 10:52:31,080 | INFO     | gate_system.gate | Открытие ворот. Источник: auto
2026-07-17 10:52:31,080 | INFO     | gate_system.relay | StubRelay: импульс 500 мс (замыкание контактов)
2026-07-17 10:52:31,584 | INFO     | gate_system.gate | Ворота открыты (источник=auto)
2026-07-17 10:52:31,588 | INFO     | gate_system.events | 🚗 Ворота открыты — Х002МС177
2026-07-17 10:53:51,720 | WARNING  | gate_system.pipeline | Кадр не получен — переподключение к камере
2026-07-17 10:53:51,721 | WARNING  | gate_system.camera | Переподключение к камере через 1.0 с: /Users/artemfarniev2013/WebstormProjects/untitled20/car3.mp4
2026-07-17 10:53:51,721 | INFO     | gate_system.events | 📷 Камера не отвечает, пытаюсь переподключиться
2026-07-17 10:53:52,772 | INFO     | gate_system.camera | Камера подключена: /Users/artemfarniev2013/WebstormProjects/untitled20/car3.mp4
2026-07-17 10:53:52,772 | INFO     | gate_system.camera | Камера восстановлена
2026-07-17 10:53:52,772 | INFO     | gate_system.events | 📷 Камера снова на связи
2026-07-17 10:55:22,466 | WARNING  | gate_system.pipeline | Кадр не получен — переподключение к камере
2026-07-17 10:55:22,468 | WARNING  | gate_system.camera | Переподключение к камере через 1.0 с: /Users/artemfarniev2013/WebstormProjects/untitled20/car3.mp4
2026-07-17 10:55:22,468 | INFO     | gate_system.events | 📷 Камера не отвечает, пытаюсь переподключиться
2026-07-17 10:55:23,500 | INFO     | gate_system.camera | Камера подключена: /Users/artemfarniev2013/WebstormProjects/untitled20/car3.mp4
2026-07-17 10:55:23,500 | INFO     | gate_system.camera | Камера восстановлена
2026-07-17 10:55:23,500 | INFO     | gate_system.events | 📷 Камера снова на связи
2026-07-17 10:55:52,296 | INFO     | gate_system.pipeline | Номер собран по кадрам: Х002МС177
2026-07-17 10:55:52,303 | INFO     | gate_system.gate | Открытие ворот. Источник: auto
2026-07-17 10:55:52,303 | INFO     | gate_system.relay | StubRelay: импульс 500 мс (замыкание контактов)
2026-07-17 10:55:52,808 | INFO     | gate_system.gate | Ворота открыты (источник=auto)
2026-07-17 10:55:52,821 | INFO     | gate_system.events | 🚗 Ворота открыты — Х002МС177
2026-07-17 10:55:59,790 | INFO     | gate_system.network | NetworkMonitor остановлен
2026-07-17 10:55:59,791 | INFO     | gate_system.watchdog | Watchdog остановлен
2026-07-17 10:55:59,794 | INFO     | gate_system.main | Сервис 'watchdog' остановлен
2026-07-17 10:55:59,791 | INFO     | gate_system.main | Сервис 'network' остановлен
2026-07-17 10:55:59,791 | INFO     | gate_system.diagnostics | Самодиагностика остановлена
2026-07-17 10:55:59,794 | INFO     | gate_system.main | Сервис 'diagnostics' остановлен
2026-07-17 10:55:59,913 | INFO     | gate_system.camera | Камера закрыта
2026-07-17 10:55:59,913 | INFO     | gate_system.pipeline | Пайплайн распознавания остановлен
2026-07-17 10:55:59,913 | INFO     | gate_system.main | Сервис 'vision' остановлен
2026-07-17 10:56:00,060 | INFO     | gate_system.main | Сервис 'telegram' остановлен
2026-07-17 10:56:00,060 | INFO     | gate_system.main | Все сервисы остановлены
2026-07-17 10:56:00,060 | INFO     | gate_system.events | ⏹️ Система остановлена
2026-07-17 10:56:00,061 | INFO     | gate_system.main | gate_system остановлен
2026-07-17 11:57:36,668 | INFO     | gate_system.main | Запуск gate_system (реле=stub, telegram=вкл)
2026-07-17 11:57:36,668 | INFO     | gate_system.events | ▶️ Система запущена
2026-07-17 11:57:36,924 | INFO     | gate_system.detector | Загрузка модели транспорта: models/yolov8n.pt
2026-07-17 11:57:38,054 | INFO     | gate_system.detector | Загрузка модели номеров: models/best.pt
2026-07-17 11:57:38,071 | INFO     | gate_system.ocr  | Движок OCR: Nomeroff-Net
2026-07-17 11:57:38,074 | INFO     | gate_system.main | Сервис 'vision' запущен
2026-07-17 11:57:38,074 | INFO     | gate_system.main | Сервис 'network' запущен
2026-07-17 11:57:38,074 | INFO     | gate_system.main | Сервис 'diagnostics' запущен
2026-07-17 11:57:38,074 | INFO     | gate_system.main | Сервис 'watchdog' запущен
2026-07-17 11:57:38,074 | INFO     | gate_system.main | Сервис 'telegram' запущен
2026-07-17 11:57:38,074 | INFO     | gate_system.network | NetworkMonitor запущен (интервал 10 с)
2026-07-17 11:57:38,074 | INFO     | gate_system.main | Запущены сервисы: vision, network, diagnostics, watchdog, telegram
2026-07-17 11:57:38,074 | INFO     | gate_system.diagnostics | Самодиагностика запущена (интервал 60 с)
2026-07-17 11:57:38,074 | INFO     | gate_system.watchdog | Watchdog запущен (таймаут 120 с)
2026-07-17 11:57:38,075 | INFO     | gate_system.network | Интернет доступен
2026-07-17 11:57:38,075 | INFO     | gate_system.events | 🌐 Интернет появился
2026-07-17 11:57:38,086 | WARNING  | gate_system.diagnostics | Диагностика: камера не отвечает
2026-07-17 11:57:38,198 | INFO     | gate_system.telegram | Telegram-бот запущен
2026-07-17 11:57:46,180 | WARNING  | gate_system.camera | Не удалось открыть источник: rtsp://iphone-15.local:8554/live
2026-07-17 11:57:46,180 | INFO     | gate_system.pipeline | Пайплайн распознавания запущен
2026-07-17 11:57:46,181 | WARNING  | gate_system.pipeline | Кадр не получен — переподключение к камере
2026-07-17 11:57:46,181 | WARNING  | gate_system.camera | Переподключение к камере через 1.0 с: rtsp://iphone-15.local:8554/live
2026-07-17 11:57:46,181 | INFO     | gate_system.events | 📷 Камера не отвечает, пытаюсь переподключиться
2026-07-17 11:57:51,743 | WARNING  | gate_system.camera | Не удалось открыть источник: rtsp://iphone-15.local:8554/live
2026-07-17 11:57:51,744 | WARNING  | gate_system.pipeline | Кадр не получен — переподключение к камере
2026-07-17 11:57:51,744 | WARNING  | gate_system.camera | Переподключение к камере через 2.0 с: rtsp://iphone-15.local:8554/live
2026-07-17 11:57:53,754 | WARNING  | gate_system.camera | Не удалось открыть источник: rtsp://iphone-15.local:8554/live
2026-07-17 11:57:53,755 | WARNING  | gate_system.pipeline | Кадр не получен — переподключение к камере
2026-07-17 11:57:53,755 | WARNING  | gate_system.camera | Переподключение к камере через 4.0 с: rtsp://iphone-15.local:8554/live
2026-07-17 11:57:57,761 | WARNING  | gate_system.camera | Не удалось открыть источник: rtsp://iphone-15.local:8554/live
2026-07-17 11:57:57,762 | WARNING  | gate_system.pipeline | Кадр не получен — переподключение к камере
2026-07-17 11:57:57,762 | WARNING  | gate_system.camera | Переподключение к камере через 8.0 с: rtsp://iphone-15.local:8554/live
2026-07-17 11:58:05,772 | WARNING  | gate_system.camera | Не удалось открыть источник: rtsp://iphone-15.local:8554/live
2026-07-17 11:58:05,773 | WARNING  | gate_system.pipeline | Кадр не получен — переподключение к камере
2026-07-17 11:58:05,773 | WARNING  | gate_system.camera | Переподключение к камере через 16.0 с: rtsp://iphone-15.local:8554/live
2026-07-17 11:58:21,783 | WARNING  | gate_system.camera | Не удалось открыть источник: rtsp://iphone-15.local:8554/live
2026-07-17 11:58:21,785 | WARNING  | gate_system.pipeline | Кадр не получен — переподключение к камере
2026-07-17 11:58:21,785 | WARNING  | gate_system.camera | Переподключение к камере через 30.0 с: rtsp://iphone-15.local:8554/live
2026-07-17 11:58:38,097 | WARNING  | gate_system.diagnostics | Диагностика: камера не отвечает
2026-07-17 11:58:51,794 | WARNING  | gate_system.camera | Не удалось открыть источник: rtsp://iphone-15.local:8554/live
2026-07-17 11:58:51,796 | WARNING  | gate_system.pipeline | Кадр не получен — переподключение к камере
2026-07-17 11:58:51,796 | WARNING  | gate_system.camera | Переподключение к камере через 30.0 с: rtsp://iphone-15.local:8554/live
2026-07-17 11:58:56,197 | INFO     | gate_system.network | NetworkMonitor остановлен
2026-07-17 11:58:56,197 | INFO     | gate_system.diagnostics | Самодиагностика остановлена
2026-07-17 11:58:56,197 | INFO     | gate_system.watchdog | Watchdog остановлен
2026-07-17 11:58:56,198 | INFO     | gate_system.main | Сервис 'network' остановлен
2026-07-17 11:58:56,200 | INFO     | gate_system.main | Сервис 'diagnostics' остановлен
2026-07-17 11:58:56,202 | INFO     | gate_system.main | Сервис 'watchdog' остановлен
2026-07-17 11:58:56,491 | INFO     | gate_system.main | Сервис 'telegram' остановлен
2026-07-17 11:59:01,202 | INFO     | gate_system.main | Все сервисы остановлены
2026-07-17 11:59:01,204 | INFO     | gate_system.events | ⏹️ Система остановлена
2026-07-17 11:59:01,205 | INFO     | gate_system.main | gate_system остановлен
2026-07-17 11:59:06,108 | INFO     | gate_system.main | Запуск gate_system (реле=stub, telegram=вкл)
2026-07-17 11:59:06,108 | INFO     | gate_system.events | ▶️ Система запущена
2026-07-17 11:59:06,192 | INFO     | gate_system.detector | Загрузка модели транспорта: models/yolov8n.pt
2026-07-17 11:59:07,038 | INFO     | gate_system.detector | Загрузка модели номеров: models/best.pt
2026-07-17 11:59:07,056 | INFO     | gate_system.ocr  | Движок OCR: Nomeroff-Net
2026-07-17 11:59:07,058 | INFO     | gate_system.main | Сервис 'vision' запущен
2026-07-17 11:59:07,058 | INFO     | gate_system.main | Сервис 'network' запущен
2026-07-17 11:59:07,058 | INFO     | gate_system.main | Сервис 'diagnostics' запущен
2026-07-17 11:59:07,058 | INFO     | gate_system.main | Сервис 'watchdog' запущен
2026-07-17 11:59:07,058 | INFO     | gate_system.main | Сервис 'telegram' запущен
2026-07-17 11:59:07,058 | INFO     | gate_system.main | Запущены сервисы: vision, network, diagnostics, watchdog, telegram
2026-07-17 11:59:07,058 | INFO     | gate_system.network | NetworkMonitor запущен (интервал 10 с)
2026-07-17 11:59:07,058 | INFO     | gate_system.diagnostics | Самодиагностика запущена (интервал 60 с)
2026-07-17 11:59:07,059 | INFO     | gate_system.watchdog | Watchdog запущен (таймаут 120 с)
2026-07-17 11:59:07,059 | WARNING  | gate_system.camera | Не удалось открыть источник: rtsp://192.168.31.121:8554/live
2026-07-17 11:59:07,059 | INFO     | gate_system.pipeline | Пайплайн распознавания запущен
2026-07-17 11:59:07,059 | WARNING  | gate_system.pipeline | Кадр не получен — переподключение к камере
2026-07-17 11:59:07,059 | INFO     | gate_system.network | Интернет доступен
2026-07-17 11:59:07,060 | WARNING  | gate_system.camera | Переподключение к камере через 1.0 с: rtsp://192.168.31.121:8554/live
2026-07-17 11:59:07,060 | INFO     | gate_system.events | 🌐 Интернет появился
2026-07-17 11:59:07,060 | INFO     | gate_system.events | 📷 Камера не отвечает, пытаюсь переподключиться
2026-07-17 11:59:07,067 | WARNING  | gate_system.diagnostics | Диагностика: камера не отвечает
2026-07-17 11:59:07,173 | INFO     | gate_system.telegram | Telegram-бот запущен
2026-07-17 11:59:08,067 | WARNING  | gate_system.camera | Не удалось открыть источник: rtsp://192.168.31.121:8554/live
2026-07-17 11:59:08,068 | WARNING  | gate_system.pipeline | Кадр не получен — переподключение к камере
2026-07-17 11:59:08,069 | WARNING  | gate_system.camera | Переподключение к камере через 2.0 с: rtsp://192.168.31.121:8554/live
2026-07-17 11:59:10,076 | WARNING  | gate_system.camera | Не удалось открыть источник: rtsp://192.168.31.121:8554/live
2026-07-17 11:59:10,077 | WARNING  | gate_system.pipeline | Кадр не получен — переподключение к камере
2026-07-17 11:59:10,077 | WARNING  | gate_system.camera | Переподключение к камере через 4.0 с: rtsp://192.168.31.121:8554/live
2026-07-17 11:59:13,276 | INFO     | gate_system.network | NetworkMonitor остановлен
2026-07-17 11:59:13,276 | INFO     | gate_system.diagnostics | Самодиагностика остановлена
2026-07-17 11:59:13,277 | INFO     | gate_system.watchdog | Watchdog остановлен
2026-07-17 11:59:13,279 | INFO     | gate_system.main | Сервис 'network' остановлен
2026-07-17 11:59:13,280 | INFO     | gate_system.main | Сервис 'diagnostics' остановлен
2026-07-17 11:59:13,281 | INFO     | gate_system.main | Сервис 'watchdog' остановлен
2026-07-17 11:59:13,546 | INFO     | gate_system.main | Сервис 'telegram' остановлен
2026-07-17 11:59:14,081 | WARNING  | gate_system.camera | Не удалось открыть источник: rtsp://192.168.31.121:8554/live
2026-07-17 11:59:14,082 | INFO     | gate_system.camera | Камера закрыта
2026-07-17 11:59:14,082 | INFO     | gate_system.pipeline | Пайплайн распознавания остановлен
2026-07-17 11:59:14,082 | INFO     | gate_system.main | Сервис 'vision' остановлен
2026-07-17 11:59:14,083 | INFO     | gate_system.main | Все сервисы остановлены
2026-07-17 11:59:14,083 | INFO     | gate_system.events | ⏹️ Система остановлена
2026-07-17 11:59:14,083 | INFO     | gate_system.main | gate_system остановлен
2026-07-17 12:01:29,197 | INFO     | gate_system.main | Запуск gate_system (реле=stub, telegram=вкл)
2026-07-17 12:01:29,197 | INFO     | gate_system.events | ▶️ Система запущена
2026-07-17 12:01:29,395 | INFO     | gate_system.detector | Загрузка модели транспорта: models/yolov8n.pt
2026-07-17 12:01:30,445 | INFO     | gate_system.detector | Загрузка модели номеров: models/best.pt
2026-07-17 12:01:30,463 | INFO     | gate_system.ocr  | Движок OCR: Nomeroff-Net
2026-07-17 12:01:30,466 | INFO     | gate_system.main | Сервис 'vision' запущен
2026-07-17 12:01:30,466 | INFO     | gate_system.main | Сервис 'network' запущен
2026-07-17 12:01:30,466 | INFO     | gate_system.main | Сервис 'diagnostics' запущен
2026-07-17 12:01:30,466 | INFO     | gate_system.main | Сервис 'watchdog' запущен
2026-07-17 12:01:30,466 | INFO     | gate_system.main | Сервис 'telegram' запущен
2026-07-17 12:01:30,466 | INFO     | gate_system.main | Запущены сервисы: vision, network, diagnostics, watchdog, telegram
2026-07-17 12:01:30,466 | INFO     | gate_system.network | NetworkMonitor запущен (интервал 10 с)
2026-07-17 12:01:30,466 | INFO     | gate_system.diagnostics | Самодиагностика запущена (интервал 60 с)
2026-07-17 12:01:30,466 | INFO     | gate_system.watchdog | Watchdog запущен (таймаут 120 с)
2026-07-17 12:01:30,467 | INFO     | gate_system.network | Интернет доступен
2026-07-17 12:01:30,467 | INFO     | gate_system.events | 🌐 Интернет появился
2026-07-17 12:01:30,471 | WARNING  | gate_system.camera | Не удалось открыть источник: rtsp://192.168.31.121:8554/live
2026-07-17 12:01:30,471 | INFO     | gate_system.pipeline | Пайплайн распознавания запущен
2026-07-17 12:01:30,471 | WARNING  | gate_system.pipeline | Кадр не получен — переподключение к камере
2026-07-17 12:01:30,471 | WARNING  | gate_system.camera | Переподключение к камере через 1.0 с: rtsp://192.168.31.121:8554/live
2026-07-17 12:01:30,471 | INFO     | gate_system.events | 📷 Камера не отвечает, пытаюсь переподключиться
2026-07-17 12:01:30,476 | WARNING  | gate_system.diagnostics | Диагностика: камера не отвечает
2026-07-17 12:01:30,583 | INFO     | gate_system.telegram | Telegram-бот запущен
2026-07-17 12:01:31,478 | WARNING  | gate_system.camera | Не удалось открыть источник: rtsp://192.168.31.121:8554/live
2026-07-17 12:01:31,479 | WARNING  | gate_system.pipeline | Кадр не получен — переподключение к камере
2026-07-17 12:01:31,479 | WARNING  | gate_system.camera | Переподключение к камере через 2.0 с: rtsp://192.168.31.121:8554/live
2026-07-17 12:01:33,483 | WARNING  | gate_system.camera | Не удалось открыть источник: rtsp://192.168.31.121:8554/live
2026-07-17 12:01:33,483 | WARNING  | gate_system.pipeline | Кадр не получен — переподключение к камере
2026-07-17 12:01:33,484 | WARNING  | gate_system.camera | Переподключение к камере через 4.0 с: rtsp://192.168.31.121:8554/live
2026-07-17 12:01:35,515 | INFO     | gate_system.network | NetworkMonitor остановлен
2026-07-17 12:01:35,515 | INFO     | gate_system.diagnostics | Самодиагностика остановлена
2026-07-17 12:01:35,515 | INFO     | gate_system.watchdog | Watchdog остановлен
2026-07-17 12:01:35,517 | INFO     | gate_system.main | Сервис 'network' остановлен
2026-07-17 12:01:35,518 | INFO     | gate_system.main | Сервис 'diagnostics' остановлен
2026-07-17 12:01:35,519 | INFO     | gate_system.main | Сервис 'watchdog' остановлен
2026-07-17 12:01:35,798 | INFO     | gate_system.main | Сервис 'telegram' остановлен
2026-07-17 12:01:37,491 | WARNING  | gate_system.camera | Не удалось открыть источник: rtsp://192.168.31.121:8554/live
2026-07-17 12:01:37,493 | INFO     | gate_system.camera | Камера закрыта
2026-07-17 12:01:37,493 | INFO     | gate_system.pipeline | Пайплайн распознавания остановлен
2026-07-17 12:01:37,493 | INFO     | gate_system.main | Сервис 'vision' остановлен
2026-07-17 12:01:37,493 | INFO     | gate_system.main | Все сервисы остановлены
2026-07-17 12:01:37,493 | INFO     | gate_system.events | ⏹️ Система остановлена
2026-07-17 12:01:37,494 | INFO     | gate_system.main | gate_system остановлен
2026-07-17 12:05:01,473 | INFO     | gate_system.main | Запуск gate_system (реле=stub, telegram=вкл)
2026-07-17 12:05:01,474 | INFO     | gate_system.events | ▶️ Система запущена
2026-07-17 12:05:01,670 | INFO     | gate_system.detector | Загрузка модели транспорта: models/yolov8n.pt
2026-07-17 12:05:02,720 | INFO     | gate_system.detector | Загрузка модели номеров: models/best.pt
2026-07-17 12:05:02,738 | INFO     | gate_system.ocr  | Движок OCR: Nomeroff-Net
2026-07-17 12:05:02,740 | INFO     | gate_system.main | Сервис 'vision' запущен
2026-07-17 12:05:02,740 | INFO     | gate_system.main | Сервис 'network' запущен
2026-07-17 12:05:02,740 | INFO     | gate_system.main | Сервис 'diagnostics' запущен
2026-07-17 12:05:02,740 | INFO     | gate_system.main | Сервис 'watchdog' запущен
2026-07-17 12:05:02,740 | INFO     | gate_system.main | Сервис 'telegram' запущен
2026-07-17 12:05:02,740 | INFO     | gate_system.network | NetworkMonitor запущен (интервал 10 с)
2026-07-17 12:05:02,740 | INFO     | gate_system.main | Запущены сервисы: vision, network, diagnostics, watchdog, telegram
2026-07-17 12:05:02,740 | INFO     | gate_system.diagnostics | Самодиагностика запущена (интервал 60 с)
2026-07-17 12:05:02,740 | INFO     | gate_system.watchdog | Watchdog запущен (таймаут 120 с)
2026-07-17 12:05:02,741 | INFO     | gate_system.network | Интернет доступен
2026-07-17 12:05:02,741 | INFO     | gate_system.events | 🌐 Интернет появился
2026-07-17 12:05:02,749 | WARNING  | gate_system.camera | Не удалось открыть источник: rtsp://192.168.31.121:8554/live
2026-07-17 12:05:02,749 | INFO     | gate_system.pipeline | Пайплайн распознавания запущен
2026-07-17 12:05:02,749 | WARNING  | gate_system.pipeline | Кадр не получен — переподключение к камере
2026-07-17 12:05:02,749 | WARNING  | gate_system.camera | Переподключение к камере через 1.0 с: rtsp://192.168.31.121:8554/live
2026-07-17 12:05:02,749 | INFO     | gate_system.events | 📷 Камера не отвечает, пытаюсь переподключиться
2026-07-17 12:05:02,750 | WARNING  | gate_system.diagnostics | Диагностика: камера не отвечает
2026-07-17 12:05:02,859 | INFO     | gate_system.telegram | Telegram-бот запущен
2026-07-17 12:05:03,757 | WARNING  | gate_system.camera | Не удалось открыть источник: rtsp://192.168.31.121:8554/live
2026-07-17 12:05:03,757 | WARNING  | gate_system.pipeline | Кадр не получен — переподключение к камере
2026-07-17 12:05:03,757 | WARNING  | gate_system.camera | Переподключение к камере через 2.0 с: rtsp://192.168.31.121:8554/live
2026-07-17 12:05:05,765 | WARNING  | gate_system.camera | Не удалось открыть источник: rtsp://192.168.31.121:8554/live
2026-07-17 12:05:05,765 | WARNING  | gate_system.pipeline | Кадр не получен — переподключение к камере
2026-07-17 12:05:05,765 | WARNING  | gate_system.camera | Переподключение к камере через 4.0 с: rtsp://192.168.31.121:8554/live
2026-07-17 12:05:06,026 | INFO     | gate_system.network | NetworkMonitor остановлен
2026-07-17 12:05:06,026 | INFO     | gate_system.diagnostics | Самодиагностика остановлена
2026-07-17 12:05:06,026 | INFO     | gate_system.watchdog | Watchdog остановлен
2026-07-17 12:05:06,026 | INFO     | gate_system.main | Сервис 'network' остановлен
2026-07-17 12:05:06,028 | INFO     | gate_system.main | Сервис 'diagnostics' остановлен
2026-07-17 12:05:06,028 | INFO     | gate_system.main | Сервис 'watchdog' остановлен
2026-07-17 12:05:09,340 | INFO     | gate_system.main | Сервис 'telegram' остановлен
2026-07-17 12:05:09,773 | WARNING  | gate_system.camera | Не удалось открыть источник: rtsp://192.168.31.121:8554/live
2026-07-17 12:05:09,773 | INFO     | gate_system.camera | Камера закрыта
2026-07-17 12:05:09,773 | INFO     | gate_system.pipeline | Пайплайн распознавания остановлен
2026-07-17 12:05:09,774 | INFO     | gate_system.main | Сервис 'vision' остановлен
2026-07-17 12:05:09,774 | INFO     | gate_system.main | Все сервисы остановлены
2026-07-17 12:05:09,774 | INFO     | gate_system.events | ⏹️ Система остановлена
2026-07-17 12:05:09,775 | INFO     | gate_system.main | gate_system остановлен
2026-07-17 12:11:25,933 | INFO     | gate_system.main | Запуск gate_system (реле=stub, telegram=вкл)
2026-07-17 12:11:25,933 | INFO     | gate_system.events | ▶️ Система запущена
2026-07-17 12:11:26,154 | INFO     | gate_system.detector | Загрузка модели транспорта: models/yolov8n.pt
2026-07-17 12:11:27,252 | INFO     | gate_system.detector | Загрузка модели номеров: models/best.pt
2026-07-17 12:11:27,270 | INFO     | gate_system.ocr  | Движок OCR: Nomeroff-Net
2026-07-17 12:11:27,272 | INFO     | gate_system.main | Сервис 'vision' запущен
2026-07-17 12:11:27,272 | INFO     | gate_system.main | Сервис 'network' запущен
2026-07-17 12:11:27,272 | INFO     | gate_system.main | Сервис 'diagnostics' запущен
2026-07-17 12:11:27,272 | INFO     | gate_system.main | Сервис 'watchdog' запущен
2026-07-17 12:11:27,272 | INFO     | gate_system.main | Сервис 'telegram' запущен
2026-07-17 12:11:27,272 | INFO     | gate_system.main | Запущены сервисы: vision, network, diagnostics, watchdog, telegram
2026-07-17 12:11:27,272 | INFO     | gate_system.network | NetworkMonitor запущен (интервал 10 с)
2026-07-17 12:11:27,272 | INFO     | gate_system.diagnostics | Самодиагностика запущена (интервал 60 с)
2026-07-17 12:11:27,272 | INFO     | gate_system.watchdog | Watchdog запущен (таймаут 120 с)
2026-07-17 12:11:27,276 | WARNING  | gate_system.camera | Не удалось открыть источник: rtsp://192.168.31.199:8554/live
2026-07-17 12:11:27,276 | INFO     | gate_system.pipeline | Пайплайн распознавания запущен
2026-07-17 12:11:27,277 | WARNING  | gate_system.pipeline | Кадр не получен — переподключение к камере
2026-07-17 12:11:27,277 | WARNING  | gate_system.camera | Переподключение к камере через 1.0 с: rtsp://192.168.31.199:8554/live
2026-07-17 12:11:27,277 | INFO     | gate_system.events | 📷 Камера не отвечает, пытаюсь переподключиться
2026-07-17 12:11:27,281 | WARNING  | gate_system.diagnostics | Диагностика: камера не отвечает
2026-07-17 12:11:27,389 | INFO     | gate_system.telegram | Telegram-бот запущен
2026-07-17 12:11:28,284 | WARNING  | gate_system.camera | Не удалось открыть источник: rtsp://192.168.31.199:8554/live
2026-07-17 12:11:28,285 | WARNING  | gate_system.pipeline | Кадр не получен — переподключение к камере
2026-07-17 12:11:28,285 | WARNING  | gate_system.camera | Переподключение к камере через 2.0 с: rtsp://192.168.31.199:8554/live
2026-07-17 12:11:30,293 | WARNING  | gate_system.camera | Не удалось открыть источник: rtsp://192.168.31.199:8554/live
2026-07-17 12:11:30,293 | WARNING  | gate_system.pipeline | Кадр не получен — переподключение к камере
2026-07-17 12:11:30,294 | WARNING  | gate_system.camera | Переподключение к камере через 4.0 с: rtsp://192.168.31.199:8554/live
2026-07-17 12:11:32,423 | ERROR    | gate_system.main | Сервис 'telegram' аварийно завершился
Traceback (most recent call last):
  File "/Users/artemfarniev2013/WebstormProjects/untitled20/gate_system/.venv312/lib/python3.12/site-packages/httpx/_transports/default.py", line 72, in map_httpcore_exceptions
    yield
  File "/Users/artemfarniev2013/WebstormProjects/untitled20/gate_system/.venv312/lib/python3.12/site-packages/httpx/_transports/default.py", line 377, in handle_async_request
    resp = await self._pool.handle_async_request(req)
           ^^^^^^^^^^^^^^^^^^^^^^^^^^^^^^^^^^^^^^^^^^
  File "/Users/artemfarniev2013/WebstormProjects/untitled20/gate_system/.venv312/lib/python3.12/site-packages/httpcore/_async/connection_pool.py", line 256, in handle_async_request
    raise exc from None
  File "/Users/artemfarniev2013/WebstormProjects/untitled20/gate_system/.venv312/lib/python3.12/site-packages/httpcore/_async/connection_pool.py", line 236, in handle_async_request
    response = await connection.handle_async_request(
               ^^^^^^^^^^^^^^^^^^^^^^^^^^^^^^^^^^^^^^
  File "/Users/artemfarniev2013/WebstormProjects/untitled20/gate_system/.venv312/lib/python3.12/site-packages/httpcore/_async/connection.py", line 101, in handle_async_request
    raise exc
  File "/Users/artemfarniev2013/WebstormProjects/untitled20/gate_system/.venv312/lib/python3.12/site-packages/httpcore/_async/connection.py", line 78, in handle_async_request
    stream = await self._connect(request)
             ^^^^^^^^^^^^^^^^^^^^^^^^^^^^
  File "/Users/artemfarniev2013/WebstormProjects/untitled20/gate_system/.venv312/lib/python3.12/site-packages/httpcore/_async/connection.py", line 124, in _connect
    stream = await self._network_backend.connect_tcp(**kwargs)
             ^^^^^^^^^^^^^^^^^^^^^^^^^^^^^^^^^^^^^^^^^^^^^^^^^
  File "/Users/artemfarniev2013/WebstormProjects/untitled20/gate_system/.venv312/lib/python3.12/site-packages/httpcore/_backends/auto.py", line 31, in connect_tcp
    return await self._backend.connect_tcp(
           ^^^^^^^^^^^^^^^^^^^^^^^^^^^^^^^^
  File "/Users/artemfarniev2013/WebstormProjects/untitled20/gate_system/.venv312/lib/python3.12/site-packages/httpcore/_backends/anyio.py", line 113, in connect_tcp
    with map_exceptions(exc_map):
  File "/Library/Frameworks/Python.framework/Versions/3.12/lib/python3.12/contextlib.py", line 158, in __exit__
    self.gen.throw(value)
  File "/Users/artemfarniev2013/WebstormProjects/untitled20/gate_system/.venv312/lib/python3.12/site-packages/httpcore/_exceptions.py", line 14, in map_exceptions
    raise to_exc(exc) from exc
httpcore.ConnectTimeout

The above exception was the direct cause of the following exception:

Traceback (most recent call last):
  File "/Users/artemfarniev2013/WebstormProjects/untitled20/gate_system/.venv312/lib/python3.12/site-packages/telegram/request/_httpxrequest.py", line 292, in do_request
    res = await self._client.request(
          ^^^^^^^^^^^^^^^^^^^^^^^^^^^
  File "/Users/artemfarniev2013/WebstormProjects/untitled20/gate_system/.venv312/lib/python3.12/site-packages/httpx/_client.py", line 1585, in request
    return await self.send(request, auth=auth, follow_redirects=follow_redirects)
           ^^^^^^^^^^^^^^^^^^^^^^^^^^^^^^^^^^^^^^^^^^^^^^^^^^^^^^^^^^^^^^^^^^^^^^
  File "/Users/artemfarniev2013/WebstormProjects/untitled20/gate_system/.venv312/lib/python3.12/site-packages/httpx/_client.py", line 1674, in send
    response = await self._send_handling_auth(
               ^^^^^^^^^^^^^^^^^^^^^^^^^^^^^^^
  File "/Users/artemfarniev2013/WebstormProjects/untitled20/gate_system/.venv312/lib/python3.12/site-packages/httpx/_client.py", line 1702, in _send_handling_auth
    response = await self._send_handling_redirects(
               ^^^^^^^^^^^^^^^^^^^^^^^^^^^^^^^^^^^^
  File "/Users/artemfarniev2013/WebstormProjects/untitled20/gate_system/.venv312/lib/python3.12/site-packages/httpx/_client.py", line 1739, in _send_handling_redirects
    response = await self._send_single_request(request)
               ^^^^^^^^^^^^^^^^^^^^^^^^^^^^^^^^^^^^^^^^
  File "/Users/artemfarniev2013/WebstormProjects/untitled20/gate_system/.venv312/lib/python3.12/site-packages/httpx/_client.py", line 1776, in _send_single_request
    response = await transport.handle_async_request(request)
               ^^^^^^^^^^^^^^^^^^^^^^^^^^^^^^^^^^^^^^^^^^^^^
  File "/Users/artemfarniev2013/WebstormProjects/untitled20/gate_system/.venv312/lib/python3.12/site-packages/httpx/_transports/default.py", line 376, in handle_async_request
    with map_httpcore_exceptions():
  File "/Library/Frameworks/Python.framework/Versions/3.12/lib/python3.12/contextlib.py", line 158, in __exit__
    self.gen.throw(value)
  File "/Users/artemfarniev2013/WebstormProjects/untitled20/gate_system/.venv312/lib/python3.12/site-packages/httpx/_transports/default.py", line 89, in map_httpcore_exceptions
    raise mapped_exc(message) from exc
httpx.ConnectTimeout

The above exception was the direct cause of the following exception:

Traceback (most recent call last):
  File "/Users/artemfarniev2013/WebstormProjects/untitled20/gate_system/main.py", line 76, in _run_service
    svc.run_forever()
  File "/Users/artemfarniev2013/WebstormProjects/untitled20/gate_system/main.py", line 40, in run_forever
    self._notifier.run()
  File "/Users/artemfarniev2013/WebstormProjects/untitled20/gate_system/telegram_bot.py", line 507, in run
    app.run_polling(close_loop=False, stop_signals=None)
  File "/Users/artemfarniev2013/WebstormProjects/untitled20/gate_system/.venv312/lib/python3.12/site-packages/telegram/ext/_application.py", line 881, in run_polling
    return self.__run(
           ^^^^^^^^^^^
  File "/Users/artemfarniev2013/WebstormProjects/untitled20/gate_system/.venv312/lib/python3.12/site-packages/telegram/ext/_application.py", line 1079, in __run
    loop.run_until_complete(self.initialize())
  File "/Library/Frameworks/Python.framework/Versions/3.12/lib/python3.12/asyncio/base_events.py", line 687, in run_until_complete
    return future.result()
           ^^^^^^^^^^^^^^^
  File "/Users/artemfarniev2013/WebstormProjects/untitled20/gate_system/.venv312/lib/python3.12/site-packages/telegram/ext/_application.py", line 503, in initialize
    await self.bot.initialize()
  File "/Users/artemfarniev2013/WebstormProjects/untitled20/gate_system/.venv312/lib/python3.12/site-packages/telegram/ext/_extbot.py", line 301, in initialize
    await super().initialize()
  File "/Users/artemfarniev2013/WebstormProjects/untitled20/gate_system/.venv312/lib/python3.12/site-packages/telegram/_bot.py", line 777, in initialize
    await self.get_me()
  File "/Users/artemfarniev2013/WebstormProjects/untitled20/gate_system/.venv312/lib/python3.12/site-packages/telegram/ext/_extbot.py", line 1920, in get_me
    return await super().get_me(
           ^^^^^^^^^^^^^^^^^^^^^
  File "/Users/artemfarniev2013/WebstormProjects/untitled20/gate_system/.venv312/lib/python3.12/site-packages/telegram/_bot.py", line 909, in get_me
    result = await self._post(
             ^^^^^^^^^^^^^^^^^
  File "/Users/artemfarniev2013/WebstormProjects/untitled20/gate_system/.venv312/lib/python3.12/site-packages/telegram/_bot.py", line 623, in _post
    return await self._do_post(
           ^^^^^^^^^^^^^^^^^^^^
  File "/Users/artemfarniev2013/WebstormProjects/untitled20/gate_system/.venv312/lib/python3.12/site-packages/telegram/ext/_extbot.py", line 355, in _do_post
    return await super()._do_post(
           ^^^^^^^^^^^^^^^^^^^^^^^
  File "/Users/artemfarniev2013/WebstormProjects/untitled20/gate_system/.venv312/lib/python3.12/site-packages/telegram/_bot.py", line 652, in _do_post
    result = await request.post(
             ^^^^^^^^^^^^^^^^^^^
  File "/Users/artemfarniev2013/WebstormProjects/untitled20/gate_system/.venv312/lib/python3.12/site-packages/telegram/request/_baserequest.py", line 201, in post
    result = await self._request_wrapper(
             ^^^^^^^^^^^^^^^^^^^^^^^^^^^^
  File "/Users/artemfarniev2013/WebstormProjects/untitled20/gate_system/.venv312/lib/python3.12/site-packages/telegram/request/_baserequest.py", line 333, in _request_wrapper
    code, payload = await self.do_request(
                    ^^^^^^^^^^^^^^^^^^^^^^
  File "/Users/artemfarniev2013/WebstormProjects/untitled20/gate_system/.venv312/lib/python3.12/site-packages/telegram/request/_httpxrequest.py", line 309, in do_request
    raise TimedOut from err
telegram.error.TimedOut: Timed out
2026-07-17 12:11:32,441 | INFO     | gate_system.main | Сервис 'telegram' остановлен
2026-07-17 12:11:32,441 | WARNING  | gate_system.main | Вспомогательный сервис 'telegram' остановился — продолжаем без него
2026-07-17 12:11:34,300 | WARNING  | gate_system.camera | Не удалось открыть источник: rtsp://192.168.31.199:8554/live
2026-07-17 12:11:34,301 | WARNING  | gate_system.pipeline | Кадр не получен — переподключение к камере
2026-07-17 12:11:34,301 | WARNING  | gate_system.camera | Переподключение к камере через 8.0 с: rtsp://192.168.31.199:8554/live
2026-07-17 12:11:42,308 | WARNING  | gate_system.camera | Не удалось открыть источник: rtsp://192.168.31.199:8554/live
2026-07-17 12:11:42,309 | WARNING  | gate_system.pipeline | Кадр не получен — переподключение к камере
2026-07-17 12:11:42,309 | WARNING  | gate_system.camera | Переподключение к камере через 16.0 с: rtsp://192.168.31.199:8554/live
2026-07-17 12:11:44,504 | INFO     | gate_system.network | NetworkMonitor остановлен
2026-07-17 12:11:44,504 | INFO     | gate_system.diagnostics | Самодиагностика остановлена
2026-07-17 12:11:44,504 | INFO     | gate_system.watchdog | Watchdog остановлен
2026-07-17 12:11:44,504 | INFO     | gate_system.main | Сервис 'network' остановлен
2026-07-17 12:11:44,504 | INFO     | gate_system.main | Сервис 'diagnostics' остановлен
2026-07-17 12:11:44,505 | INFO     | gate_system.main | Сервис 'watchdog' остановлен
2026-07-17 12:11:49,509 | INFO     | gate_system.main | Все сервисы остановлены
2026-07-17 12:11:49,510 | INFO     | gate_system.events | ⏹️ Система остановлена
2026-07-17 12:11:49,511 | INFO     | gate_system.main | gate_system остановлен
2026-07-17 12:18:19,773 | INFO     | gate_system.main | Запуск gate_system (реле=stub, telegram=вкл)
2026-07-17 12:18:19,774 | INFO     | gate_system.events | ▶️ Система запущена
2026-07-17 12:18:19,969 | INFO     | gate_system.detector | Загрузка модели транспорта: models/yolov8n.pt
2026-07-17 12:18:21,027 | INFO     | gate_system.detector | Загрузка модели номеров: models/best.pt
2026-07-17 12:18:21,045 | INFO     | gate_system.ocr  | Движок OCR: Nomeroff-Net
2026-07-17 12:18:21,047 | INFO     | gate_system.main | Сервис 'vision' запущен
2026-07-17 12:18:21,047 | INFO     | gate_system.main | Сервис 'network' запущен
2026-07-17 12:18:21,047 | INFO     | gate_system.main | Сервис 'diagnostics' запущен
2026-07-17 12:18:21,047 | INFO     | gate_system.main | Сервис 'watchdog' запущен
2026-07-17 12:18:21,047 | INFO     | gate_system.main | Сервис 'telegram' запущен
2026-07-17 12:18:21,047 | INFO     | gate_system.network | NetworkMonitor запущен (интервал 10 с)
2026-07-17 12:18:21,047 | INFO     | gate_system.main | Запущены сервисы: vision, network, diagnostics, watchdog, telegram
2026-07-17 12:18:21,047 | INFO     | gate_system.diagnostics | Самодиагностика запущена (интервал 60 с)
2026-07-17 12:18:21,048 | INFO     | gate_system.watchdog | Watchdog запущен (таймаут 120 с)
2026-07-17 12:18:21,056 | WARNING  | gate_system.camera | Не удалось открыть источник: rtsp://192.168.31.128:8554/live
2026-07-17 12:18:21,056 | INFO     | gate_system.pipeline | Пайплайн распознавания запущен
2026-07-17 12:18:21,056 | WARNING  | gate_system.pipeline | Кадр не получен — переподключение к камере
2026-07-17 12:18:21,056 | WARNING  | gate_system.camera | Переподключение к камере через 1.0 с: rtsp://192.168.31.128:8554/live
2026-07-17 12:18:21,057 | INFO     | gate_system.events | 📷 Камера не отвечает, пытаюсь переподключиться
2026-07-17 12:18:21,057 | WARNING  | gate_system.diagnostics | Диагностика: камера не отвечает
2026-07-17 12:18:21,168 | INFO     | gate_system.telegram | Telegram-бот запущен
2026-07-17 12:18:22,064 | WARNING  | gate_system.camera | Не удалось открыть источник: rtsp://192.168.31.128:8554/live
2026-07-17 12:18:22,065 | WARNING  | gate_system.pipeline | Кадр не получен — переподключение к камере
2026-07-17 12:18:22,065 | WARNING  | gate_system.camera | Переподключение к камере через 2.0 с: rtsp://192.168.31.128:8554/live
2026-07-17 12:18:24,068 | WARNING  | gate_system.camera | Не удалось открыть источник: rtsp://192.168.31.128:8554/live
2026-07-17 12:18:24,068 | WARNING  | gate_system.pipeline | Кадр не получен — переподключение к камере
2026-07-17 12:18:24,069 | WARNING  | gate_system.camera | Переподключение к камере через 4.0 с: rtsp://192.168.31.128:8554/live
2026-07-17 12:18:26,202 | ERROR    | gate_system.main | Сервис 'telegram' аварийно завершился
Traceback (most recent call last):
  File "/Users/artemfarniev2013/WebstormProjects/untitled20/gate_system/.venv312/lib/python3.12/site-packages/httpx/_transports/default.py", line 72, in map_httpcore_exceptions
    yield
  File "/Users/artemfarniev2013/WebstormProjects/untitled20/gate_system/.venv312/lib/python3.12/site-packages/httpx/_transports/default.py", line 377, in handle_async_request
    resp = await self._pool.handle_async_request(req)
           ^^^^^^^^^^^^^^^^^^^^^^^^^^^^^^^^^^^^^^^^^^
  File "/Users/artemfarniev2013/WebstormProjects/untitled20/gate_system/.venv312/lib/python3.12/site-packages/httpcore/_async/connection_pool.py", line 256, in handle_async_request
    raise exc from None
  File "/Users/artemfarniev2013/WebstormProjects/untitled20/gate_system/.venv312/lib/python3.12/site-packages/httpcore/_async/connection_pool.py", line 236, in handle_async_request
    response = await connection.handle_async_request(
               ^^^^^^^^^^^^^^^^^^^^^^^^^^^^^^^^^^^^^^
  File "/Users/artemfarniev2013/WebstormProjects/untitled20/gate_system/.venv312/lib/python3.12/site-packages/httpcore/_async/connection.py", line 101, in handle_async_request
    raise exc
  File "/Users/artemfarniev2013/WebstormProjects/untitled20/gate_system/.venv312/lib/python3.12/site-packages/httpcore/_async/connection.py", line 78, in handle_async_request
    stream = await self._connect(request)
             ^^^^^^^^^^^^^^^^^^^^^^^^^^^^
  File "/Users/artemfarniev2013/WebstormProjects/untitled20/gate_system/.venv312/lib/python3.12/site-packages/httpcore/_async/connection.py", line 124, in _connect
    stream = await self._network_backend.connect_tcp(**kwargs)
             ^^^^^^^^^^^^^^^^^^^^^^^^^^^^^^^^^^^^^^^^^^^^^^^^^
  File "/Users/artemfarniev2013/WebstormProjects/untitled20/gate_system/.venv312/lib/python3.12/site-packages/httpcore/_backends/auto.py", line 31, in connect_tcp
    return await self._backend.connect_tcp(
           ^^^^^^^^^^^^^^^^^^^^^^^^^^^^^^^^
  File "/Users/artemfarniev2013/WebstormProjects/untitled20/gate_system/.venv312/lib/python3.12/site-packages/httpcore/_backends/anyio.py", line 113, in connect_tcp
    with map_exceptions(exc_map):
  File "/Library/Frameworks/Python.framework/Versions/3.12/lib/python3.12/contextlib.py", line 158, in __exit__
    self.gen.throw(value)
  File "/Users/artemfarniev2013/WebstormProjects/untitled20/gate_system/.venv312/lib/python3.12/site-packages/httpcore/_exceptions.py", line 14, in map_exceptions
    raise to_exc(exc) from exc
httpcore.ConnectTimeout

The above exception was the direct cause of the following exception:

Traceback (most recent call last):
  File "/Users/artemfarniev2013/WebstormProjects/untitled20/gate_system/.venv312/lib/python3.12/site-packages/telegram/request/_httpxrequest.py", line 292, in do_request
    res = await self._client.request(
          ^^^^^^^^^^^^^^^^^^^^^^^^^^^
  File "/Users/artemfarniev2013/WebstormProjects/untitled20/gate_system/.venv312/lib/python3.12/site-packages/httpx/_client.py", line 1585, in request
    return await self.send(request, auth=auth, follow_redirects=follow_redirects)
           ^^^^^^^^^^^^^^^^^^^^^^^^^^^^^^^^^^^^^^^^^^^^^^^^^^^^^^^^^^^^^^^^^^^^^^
  File "/Users/artemfarniev2013/WebstormProjects/untitled20/gate_system/.venv312/lib/python3.12/site-packages/httpx/_client.py", line 1674, in send
    response = await self._send_handling_auth(
               ^^^^^^^^^^^^^^^^^^^^^^^^^^^^^^^
  File "/Users/artemfarniev2013/WebstormProjects/untitled20/gate_system/.venv312/lib/python3.12/site-packages/httpx/_client.py", line 1702, in _send_handling_auth
    response = await self._send_handling_redirects(
               ^^^^^^^^^^^^^^^^^^^^^^^^^^^^^^^^^^^^
  File "/Users/artemfarniev2013/WebstormProjects/untitled20/gate_system/.venv312/lib/python3.12/site-packages/httpx/_client.py", line 1739, in _send_handling_redirects
    response = await self._send_single_request(request)
               ^^^^^^^^^^^^^^^^^^^^^^^^^^^^^^^^^^^^^^^^
  File "/Users/artemfarniev2013/WebstormProjects/untitled20/gate_system/.venv312/lib/python3.12/site-packages/httpx/_client.py", line 1776, in _send_single_request
    response = await transport.handle_async_request(request)
               ^^^^^^^^^^^^^^^^^^^^^^^^^^^^^^^^^^^^^^^^^^^^^
  File "/Users/artemfarniev2013/WebstormProjects/untitled20/gate_system/.venv312/lib/python3.12/site-packages/httpx/_transports/default.py", line 376, in handle_async_request
    with map_httpcore_exceptions():
  File "/Library/Frameworks/Python.framework/Versions/3.12/lib/python3.12/contextlib.py", line 158, in __exit__
    self.gen.throw(value)
  File "/Users/artemfarniev2013/WebstormProjects/untitled20/gate_system/.venv312/lib/python3.12/site-packages/httpx/_transports/default.py", line 89, in map_httpcore_exceptions
    raise mapped_exc(message) from exc
httpx.ConnectTimeout

The above exception was the direct cause of the following exception:

Traceback (most recent call last):
  File "/Users/artemfarniev2013/WebstormProjects/untitled20/gate_system/main.py", line 76, in _run_service
    svc.run_forever()
  File "/Users/artemfarniev2013/WebstormProjects/untitled20/gate_system/main.py", line 40, in run_forever
    self._notifier.run()
  File "/Users/artemfarniev2013/WebstormProjects/untitled20/gate_system/telegram_bot.py", line 507, in run
    app.run_polling(close_loop=False, stop_signals=None)
  File "/Users/artemfarniev2013/WebstormProjects/untitled20/gate_system/.venv312/lib/python3.12/site-packages/telegram/ext/_application.py", line 881, in run_polling
    return self.__run(
           ^^^^^^^^^^^
  File "/Users/artemfarniev2013/WebstormProjects/untitled20/gate_system/.venv312/lib/python3.12/site-packages/telegram/ext/_application.py", line 1079, in __run
    loop.run_until_complete(self.initialize())
  File "/Library/Frameworks/Python.framework/Versions/3.12/lib/python3.12/asyncio/base_events.py", line 687, in run_until_complete
    return future.result()
           ^^^^^^^^^^^^^^^
  File "/Users/artemfarniev2013/WebstormProjects/untitled20/gate_system/.venv312/lib/python3.12/site-packages/telegram/ext/_application.py", line 503, in initialize
    await self.bot.initialize()
  File "/Users/artemfarniev2013/WebstormProjects/untitled20/gate_system/.venv312/lib/python3.12/site-packages/telegram/ext/_extbot.py", line 301, in initialize
    await super().initialize()
  File "/Users/artemfarniev2013/WebstormProjects/untitled20/gate_system/.venv312/lib/python3.12/site-packages/telegram/_bot.py", line 777, in initialize
    await self.get_me()
  File "/Users/artemfarniev2013/WebstormProjects/untitled20/gate_system/.venv312/lib/python3.12/site-packages/telegram/ext/_extbot.py", line 1920, in get_me
    return await super().get_me(
           ^^^^^^^^^^^^^^^^^^^^^
  File "/Users/artemfarniev2013/WebstormProjects/untitled20/gate_system/.venv312/lib/python3.12/site-packages/telegram/_bot.py", line 909, in get_me
    result = await self._post(
             ^^^^^^^^^^^^^^^^^
  File "/Users/artemfarniev2013/WebstormProjects/untitled20/gate_system/.venv312/lib/python3.12/site-packages/telegram/_bot.py", line 623, in _post
    return await self._do_post(
           ^^^^^^^^^^^^^^^^^^^^
  File "/Users/artemfarniev2013/WebstormProjects/untitled20/gate_system/.venv312/lib/python3.12/site-packages/telegram/ext/_extbot.py", line 355, in _do_post
    return await super()._do_post(
           ^^^^^^^^^^^^^^^^^^^^^^^
  File "/Users/artemfarniev2013/WebstormProjects/untitled20/gate_system/.venv312/lib/python3.12/site-packages/telegram/_bot.py", line 652, in _do_post
    result = await request.post(
             ^^^^^^^^^^^^^^^^^^^
  File "/Users/artemfarniev2013/WebstormProjects/untitled20/gate_system/.venv312/lib/python3.12/site-packages/telegram/request/_baserequest.py", line 201, in post
    result = await self._request_wrapper(
             ^^^^^^^^^^^^^^^^^^^^^^^^^^^^
  File "/Users/artemfarniev2013/WebstormProjects/untitled20/gate_system/.venv312/lib/python3.12/site-packages/telegram/request/_baserequest.py", line 333, in _request_wrapper
    code, payload = await self.do_request(
                    ^^^^^^^^^^^^^^^^^^^^^^
  File "/Users/artemfarniev2013/WebstormProjects/untitled20/gate_system/.venv312/lib/python3.12/site-packages/telegram/request/_httpxrequest.py", line 309, in do_request
    raise TimedOut from err
telegram.error.TimedOut: Timed out
2026-07-17 12:18:26,221 | INFO     | gate_system.main | Сервис 'telegram' остановлен
2026-07-17 12:18:26,221 | WARNING  | gate_system.main | Вспомогательный сервис 'telegram' остановился — продолжаем без него
2026-07-17 12:18:28,076 | WARNING  | gate_system.camera | Не удалось открыть источник: rtsp://192.168.31.128:8554/live
2026-07-17 12:18:28,077 | WARNING  | gate_system.pipeline | Кадр не получен — переподключение к камере
2026-07-17 12:18:28,077 | WARNING  | gate_system.camera | Переподключение к камере через 8.0 с: rtsp://192.168.31.128:8554/live
2026-07-17 12:18:33,277 | INFO     | gate_system.network | NetworkMonitor остановлен
2026-07-17 12:18:33,277 | INFO     | gate_system.diagnostics | Самодиагностика остановлена
2026-07-17 12:18:33,277 | INFO     | gate_system.watchdog | Watchdog остановлен
2026-07-17 12:18:33,278 | INFO     | gate_system.main | Сервис 'network' остановлен
2026-07-17 12:18:33,278 | INFO     | gate_system.main | Сервис 'diagnostics' остановлен
2026-07-17 12:18:33,278 | INFO     | gate_system.main | Сервис 'watchdog' остановлен
2026-07-17 12:18:36,084 | WARNING  | gate_system.camera | Не удалось открыть источник: rtsp://192.168.31.128:8554/live
2026-07-17 12:18:36,085 | INFO     | gate_system.camera | Камера закрыта
2026-07-17 12:18:36,085 | INFO     | gate_system.pipeline | Пайплайн распознавания остановлен
2026-07-17 12:18:36,086 | INFO     | gate_system.main | Сервис 'vision' остановлен
2026-07-17 12:18:36,086 | INFO     | gate_system.main | Все сервисы остановлены
2026-07-17 12:18:36,086 | INFO     | gate_system.events | ⏹️ Система остановлена
2026-07-17 12:18:36,087 | INFO     | gate_system.main | gate_system остановлен
2026-07-17 12:22:25,390 | INFO     | gate_system.main | Запуск gate_system (реле=stub, telegram=вкл)
2026-07-17 12:22:25,390 | INFO     | gate_system.events | ▶️ Система запущена
2026-07-17 12:22:25,586 | INFO     | gate_system.detector | Загрузка модели транспорта: models/yolov8n.pt
2026-07-17 12:22:26,654 | INFO     | gate_system.detector | Загрузка модели номеров: models/best.pt
2026-07-17 12:22:26,672 | INFO     | gate_system.ocr  | Движок OCR: Nomeroff-Net
2026-07-17 12:22:26,675 | INFO     | gate_system.main | Сервис 'vision' запущен
2026-07-17 12:22:26,675 | INFO     | gate_system.main | Сервис 'network' запущен
2026-07-17 12:22:26,675 | INFO     | gate_system.main | Сервис 'diagnostics' запущен
2026-07-17 12:22:26,675 | INFO     | gate_system.main | Сервис 'watchdog' запущен
2026-07-17 12:22:26,675 | INFO     | gate_system.network | NetworkMonitor запущен (интервал 10 с)
2026-07-17 12:22:26,675 | INFO     | gate_system.main | Сервис 'telegram' запущен
2026-07-17 12:22:26,675 | INFO     | gate_system.main | Запущены сервисы: vision, network, diagnostics, watchdog, telegram
2026-07-17 12:22:26,676 | INFO     | gate_system.diagnostics | Самодиагностика запущена (интервал 60 с)
2026-07-17 12:22:26,676 | INFO     | gate_system.watchdog | Watchdog запущен (таймаут 120 с)
2026-07-17 12:22:26,687 | WARNING  | gate_system.diagnostics | Диагностика: камера не отвечает
2026-07-17 12:22:26,688 | WARNING  | gate_system.camera | Не удалось открыть источник: http://169.254.211.227:8081
2026-07-17 12:22:26,688 | INFO     | gate_system.pipeline | Пайплайн распознавания запущен
2026-07-17 12:22:26,688 | WARNING  | gate_system.pipeline | Кадр не получен — переподключение к камере
2026-07-17 12:22:26,688 | WARNING  | gate_system.camera | Переподключение к камере через 1.0 с: http://169.254.211.227:8081
2026-07-17 12:22:26,688 | INFO     | gate_system.events | 📷 Камера не отвечает, пытаюсь переподключиться
2026-07-17 12:22:26,797 | INFO     | gate_system.telegram | Telegram-бот запущен
2026-07-17 12:22:27,697 | WARNING  | gate_system.camera | Не удалось открыть источник: http://169.254.211.227:8081
2026-07-17 12:22:27,697 | WARNING  | gate_system.pipeline | Кадр не получен — переподключение к камере
2026-07-17 12:22:27,698 | WARNING  | gate_system.camera | Переподключение к камере через 2.0 с: http://169.254.211.227:8081
2026-07-17 12:22:29,705 | WARNING  | gate_system.camera | Не удалось открыть источник: http://169.254.211.227:8081
2026-07-17 12:22:29,706 | WARNING  | gate_system.pipeline | Кадр не получен — переподключение к камере
2026-07-17 12:22:29,706 | WARNING  | gate_system.camera | Переподключение к камере через 4.0 с: http://169.254.211.227:8081
2026-07-17 12:22:31,830 | ERROR    | gate_system.main | Сервис 'telegram' аварийно завершился
Traceback (most recent call last):
  File "/Users/artemfarniev2013/WebstormProjects/untitled20/gate_system/.venv312/lib/python3.12/site-packages/httpx/_transports/default.py", line 72, in map_httpcore_exceptions
    yield
  File "/Users/artemfarniev2013/WebstormProjects/untitled20/gate_system/.venv312/lib/python3.12/site-packages/httpx/_transports/default.py", line 377, in handle_async_request
    resp = await self._pool.handle_async_request(req)
           ^^^^^^^^^^^^^^^^^^^^^^^^^^^^^^^^^^^^^^^^^^
  File "/Users/artemfarniev2013/WebstormProjects/untitled20/gate_system/.venv312/lib/python3.12/site-packages/httpcore/_async/connection_pool.py", line 256, in handle_async_request
    raise exc from None
  File "/Users/artemfarniev2013/WebstormProjects/untitled20/gate_system/.venv312/lib/python3.12/site-packages/httpcore/_async/connection_pool.py", line 236, in handle_async_request
    response = await connection.handle_async_request(
               ^^^^^^^^^^^^^^^^^^^^^^^^^^^^^^^^^^^^^^
  File "/Users/artemfarniev2013/WebstormProjects/untitled20/gate_system/.venv312/lib/python3.12/site-packages/httpcore/_async/connection.py", line 101, in handle_async_request
    raise exc
  File "/Users/artemfarniev2013/WebstormProjects/untitled20/gate_system/.venv312/lib/python3.12/site-packages/httpcore/_async/connection.py", line 78, in handle_async_request
    stream = await self._connect(request)
             ^^^^^^^^^^^^^^^^^^^^^^^^^^^^
  File "/Users/artemfarniev2013/WebstormProjects/untitled20/gate_system/.venv312/lib/python3.12/site-packages/httpcore/_async/connection.py", line 124, in _connect
    stream = await self._network_backend.connect_tcp(**kwargs)
             ^^^^^^^^^^^^^^^^^^^^^^^^^^^^^^^^^^^^^^^^^^^^^^^^^
  File "/Users/artemfarniev2013/WebstormProjects/untitled20/gate_system/.venv312/lib/python3.12/site-packages/httpcore/_backends/auto.py", line 31, in connect_tcp
    return await self._backend.connect_tcp(
           ^^^^^^^^^^^^^^^^^^^^^^^^^^^^^^^^
  File "/Users/artemfarniev2013/WebstormProjects/untitled20/gate_system/.venv312/lib/python3.12/site-packages/httpcore/_backends/anyio.py", line 113, in connect_tcp
    with map_exceptions(exc_map):
  File "/Library/Frameworks/Python.framework/Versions/3.12/lib/python3.12/contextlib.py", line 158, in __exit__
    self.gen.throw(value)
  File "/Users/artemfarniev2013/WebstormProjects/untitled20/gate_system/.venv312/lib/python3.12/site-packages/httpcore/_exceptions.py", line 14, in map_exceptions
    raise to_exc(exc) from exc
httpcore.ConnectTimeout

The above exception was the direct cause of the following exception:

Traceback (most recent call last):
  File "/Users/artemfarniev2013/WebstormProjects/untitled20/gate_system/.venv312/lib/python3.12/site-packages/telegram/request/_httpxrequest.py", line 292, in do_request
    res = await self._client.request(
          ^^^^^^^^^^^^^^^^^^^^^^^^^^^
  File "/Users/artemfarniev2013/WebstormProjects/untitled20/gate_system/.venv312/lib/python3.12/site-packages/httpx/_client.py", line 1585, in request
    return await self.send(request, auth=auth, follow_redirects=follow_redirects)
           ^^^^^^^^^^^^^^^^^^^^^^^^^^^^^^^^^^^^^^^^^^^^^^^^^^^^^^^^^^^^^^^^^^^^^^
  File "/Users/artemfarniev2013/WebstormProjects/untitled20/gate_system/.venv312/lib/python3.12/site-packages/httpx/_client.py", line 1674, in send
    response = await self._send_handling_auth(
               ^^^^^^^^^^^^^^^^^^^^^^^^^^^^^^^
  File "/Users/artemfarniev2013/WebstormProjects/untitled20/gate_system/.venv312/lib/python3.12/site-packages/httpx/_client.py", line 1702, in _send_handling_auth
    response = await self._send_handling_redirects(
               ^^^^^^^^^^^^^^^^^^^^^^^^^^^^^^^^^^^^
  File "/Users/artemfarniev2013/WebstormProjects/untitled20/gate_system/.venv312/lib/python3.12/site-packages/httpx/_client.py", line 1739, in _send_handling_redirects
    response = await self._send_single_request(request)
               ^^^^^^^^^^^^^^^^^^^^^^^^^^^^^^^^^^^^^^^^
  File "/Users/artemfarniev2013/WebstormProjects/untitled20/gate_system/.venv312/lib/python3.12/site-packages/httpx/_client.py", line 1776, in _send_single_request
    response = await transport.handle_async_request(request)
               ^^^^^^^^^^^^^^^^^^^^^^^^^^^^^^^^^^^^^^^^^^^^^
  File "/Users/artemfarniev2013/WebstormProjects/untitled20/gate_system/.venv312/lib/python3.12/site-packages/httpx/_transports/default.py", line 376, in handle_async_request
    with map_httpcore_exceptions():
  File "/Library/Frameworks/Python.framework/Versions/3.12/lib/python3.12/contextlib.py", line 158, in __exit__
    self.gen.throw(value)
  File "/Users/artemfarniev2013/WebstormProjects/untitled20/gate_system/.venv312/lib/python3.12/site-packages/httpx/_transports/default.py", line 89, in map_httpcore_exceptions
    raise mapped_exc(message) from exc
httpx.ConnectTimeout

The above exception was the direct cause of the following exception:

Traceback (most recent call last):
  File "/Users/artemfarniev2013/WebstormProjects/untitled20/gate_system/main.py", line 76, in _run_service
    svc.run_forever()
  File "/Users/artemfarniev2013/WebstormProjects/untitled20/gate_system/main.py", line 40, in run_forever
    self._notifier.run()
  File "/Users/artemfarniev2013/WebstormProjects/untitled20/gate_system/telegram_bot.py", line 507, in run
    app.run_polling(close_loop=False, stop_signals=None)
  File "/Users/artemfarniev2013/WebstormProjects/untitled20/gate_system/.venv312/lib/python3.12/site-packages/telegram/ext/_application.py", line 881, in run_polling
    return self.__run(
           ^^^^^^^^^^^
  File "/Users/artemfarniev2013/WebstormProjects/untitled20/gate_system/.venv312/lib/python3.12/site-packages/telegram/ext/_application.py", line 1079, in __run
    loop.run_until_complete(self.initialize())
  File "/Library/Frameworks/Python.framework/Versions/3.12/lib/python3.12/asyncio/base_events.py", line 687, in run_until_complete
    return future.result()
           ^^^^^^^^^^^^^^^
  File "/Users/artemfarniev2013/WebstormProjects/untitled20/gate_system/.venv312/lib/python3.12/site-packages/telegram/ext/_application.py", line 503, in initialize
    await self.bot.initialize()
  File "/Users/artemfarniev2013/WebstormProjects/untitled20/gate_system/.venv312/lib/python3.12/site-packages/telegram/ext/_extbot.py", line 301, in initialize
    await super().initialize()
  File "/Users/artemfarniev2013/WebstormProjects/untitled20/gate_system/.venv312/lib/python3.12/site-packages/telegram/_bot.py", line 777, in initialize
    await self.get_me()
  File "/Users/artemfarniev2013/WebstormProjects/untitled20/gate_system/.venv312/lib/python3.12/site-packages/telegram/ext/_extbot.py", line 1920, in get_me
    return await super().get_me(
           ^^^^^^^^^^^^^^^^^^^^^
  File "/Users/artemfarniev2013/WebstormProjects/untitled20/gate_system/.venv312/lib/python3.12/site-packages/telegram/_bot.py", line 909, in get_me
    result = await self._post(
             ^^^^^^^^^^^^^^^^^
  File "/Users/artemfarniev2013/WebstormProjects/untitled20/gate_system/.venv312/lib/python3.12/site-packages/telegram/_bot.py", line 623, in _post
    return await self._do_post(
           ^^^^^^^^^^^^^^^^^^^^
  File "/Users/artemfarniev2013/WebstormProjects/untitled20/gate_system/.venv312/lib/python3.12/site-packages/telegram/ext/_extbot.py", line 355, in _do_post
    return await super()._do_post(
           ^^^^^^^^^^^^^^^^^^^^^^^
  File "/Users/artemfarniev2013/WebstormProjects/untitled20/gate_system/.venv312/lib/python3.12/site-packages/telegram/_bot.py", line 652, in _do_post
    result = await request.post(
             ^^^^^^^^^^^^^^^^^^^
  File "/Users/artemfarniev2013/WebstormProjects/untitled20/gate_system/.venv312/lib/python3.12/site-packages/telegram/request/_baserequest.py", line 201, in post
    result = await self._request_wrapper(
             ^^^^^^^^^^^^^^^^^^^^^^^^^^^^
  File "/Users/artemfarniev2013/WebstormProjects/untitled20/gate_system/.venv312/lib/python3.12/site-packages/telegram/request/_baserequest.py", line 333, in _request_wrapper
    code, payload = await self.do_request(
                    ^^^^^^^^^^^^^^^^^^^^^^
  File "/Users/artemfarniev2013/WebstormProjects/untitled20/gate_system/.venv312/lib/python3.12/site-packages/telegram/request/_httpxrequest.py", line 309, in do_request
    raise TimedOut from err
telegram.error.TimedOut: Timed out
2026-07-17 12:22:31,846 | INFO     | gate_system.main | Сервис 'telegram' остановлен
2026-07-17 12:22:31,846 | WARNING  | gate_system.main | Вспомогательный сервис 'telegram' остановился — продолжаем без него
2026-07-17 12:22:33,710 | WARNING  | gate_system.camera | Не удалось открыть источник: http://169.254.211.227:8081
2026-07-17 12:22:33,711 | WARNING  | gate_system.pipeline | Кадр не получен — переподключение к камере
2026-07-17 12:22:33,711 | WARNING  | gate_system.camera | Переподключение к камере через 8.0 с: http://169.254.211.227:8081
2026-07-17 12:22:34,629 | INFO     | gate_system.diagnostics | Самодиагностика остановлена
2026-07-17 12:22:34,629 | INFO     | gate_system.network | NetworkMonitor остановлен
2026-07-17 12:22:34,629 | INFO     | gate_system.watchdog | Watchdog остановлен
2026-07-17 12:22:34,630 | INFO     | gate_system.main | Сервис 'diagnostics' остановлен
2026-07-17 12:22:34,630 | INFO     | gate_system.main | Сервис 'network' остановлен
2026-07-17 12:22:34,630 | INFO     | gate_system.main | Сервис 'watchdog' остановлен
2026-07-17 12:22:39,634 | INFO     | gate_system.main | Все сервисы остановлены
2026-07-17 12:22:39,635 | INFO     | gate_system.events | ⏹️ Система остановлена
2026-07-17 12:22:39,635 | INFO     | gate_system.main | gate_system остановлен
2026-07-17 12:23:14,110 | INFO     | gate_system.main | Запуск gate_system (реле=stub, telegram=вкл)
2026-07-17 12:23:14,111 | INFO     | gate_system.events | ▶️ Система запущена
2026-07-17 12:23:14,176 | INFO     | gate_system.detector | Загрузка модели транспорта: models/yolov8n.pt
2026-07-17 12:23:14,936 | INFO     | gate_system.detector | Загрузка модели номеров: models/best.pt
2026-07-17 12:23:14,954 | INFO     | gate_system.ocr  | Движок OCR: Nomeroff-Net
2026-07-17 12:23:14,956 | INFO     | gate_system.main | Сервис 'vision' запущен
2026-07-17 12:23:14,957 | INFO     | gate_system.main | Сервис 'network' запущен
2026-07-17 12:23:14,957 | INFO     | gate_system.main | Сервис 'diagnostics' запущен
2026-07-17 12:23:14,957 | INFO     | gate_system.main | Сервис 'watchdog' запущен
2026-07-17 12:23:14,957 | INFO     | gate_system.main | Сервис 'telegram' запущен
2026-07-17 12:23:14,957 | INFO     | gate_system.network | NetworkMonitor запущен (интервал 10 с)
2026-07-17 12:23:14,957 | INFO     | gate_system.main | Запущены сервисы: vision, network, diagnostics, watchdog, telegram
2026-07-17 12:23:14,957 | INFO     | gate_system.diagnostics | Самодиагностика запущена (интервал 60 с)
2026-07-17 12:23:14,957 | INFO     | gate_system.watchdog | Watchdog запущен (таймаут 120 с)
2026-07-17 12:23:14,968 | WARNING  | gate_system.diagnostics | Диагностика: камера не отвечает
2026-07-17 12:23:14,986 | WARNING  | gate_system.camera | Не удалось открыть источник: rtsp://iphone-15.local:8554/live
2026-07-17 12:23:14,986 | INFO     | gate_system.pipeline | Пайплайн распознавания запущен
2026-07-17 12:23:14,986 | WARNING  | gate_system.pipeline | Кадр не получен — переподключение к камере
2026-07-17 12:23:14,986 | WARNING  | gate_system.camera | Переподключение к камере через 1.0 с: rtsp://iphone-15.local:8554/live
2026-07-17 12:23:14,986 | INFO     | gate_system.events | 📷 Камера не отвечает, пытаюсь переподключиться
2026-07-17 12:23:15,066 | INFO     | gate_system.telegram | Telegram-бот запущен
2026-07-17 12:23:16,011 | WARNING  | gate_system.camera | Не удалось открыть источник: rtsp://iphone-15.local:8554/live
2026-07-17 12:23:16,011 | WARNING  | gate_system.pipeline | Кадр не получен — переподключение к камере
2026-07-17 12:23:16,012 | WARNING  | gate_system.camera | Переподключение к камере через 2.0 с: rtsp://iphone-15.local:8554/live
2026-07-17 12:23:18,038 | WARNING  | gate_system.camera | Не удалось открыть источник: rtsp://iphone-15.local:8554/live
2026-07-17 12:23:18,038 | WARNING  | gate_system.pipeline | Кадр не получен — переподключение к камере
2026-07-17 12:23:18,039 | WARNING  | gate_system.camera | Переподключение к камере через 4.0 с: rtsp://iphone-15.local:8554/live
2026-07-17 12:23:19,365 | INFO     | gate_system.network | NetworkMonitor остановлен
2026-07-17 12:23:19,365 | INFO     | gate_system.diagnostics | Самодиагностика остановлена
2026-07-17 12:23:19,365 | INFO     | gate_system.watchdog | Watchdog остановлен
2026-07-17 12:23:19,366 | INFO     | gate_system.main | Сервис 'network' остановлен
2026-07-17 12:23:19,366 | INFO     | gate_system.main | Сервис 'diagnostics' остановлен
2026-07-17 12:23:19,366 | INFO     | gate_system.main | Сервис 'watchdog' остановлен
2026-07-17 12:23:20,099 | ERROR    | gate_system.main | Сервис 'telegram' аварийно завершился
Traceback (most recent call last):
  File "/Users/artemfarniev2013/WebstormProjects/untitled20/gate_system/.venv312/lib/python3.12/site-packages/httpx/_transports/default.py", line 72, in map_httpcore_exceptions
    yield
  File "/Users/artemfarniev2013/WebstormProjects/untitled20/gate_system/.venv312/lib/python3.12/site-packages/httpx/_transports/default.py", line 377, in handle_async_request
    resp = await self._pool.handle_async_request(req)
           ^^^^^^^^^^^^^^^^^^^^^^^^^^^^^^^^^^^^^^^^^^
  File "/Users/artemfarniev2013/WebstormProjects/untitled20/gate_system/.venv312/lib/python3.12/site-packages/httpcore/_async/connection_pool.py", line 256, in handle_async_request
    raise exc from None
  File "/Users/artemfarniev2013/WebstormProjects/untitled20/gate_system/.venv312/lib/python3.12/site-packages/httpcore/_async/connection_pool.py", line 236, in handle_async_request
    response = await connection.handle_async_request(
               ^^^^^^^^^^^^^^^^^^^^^^^^^^^^^^^^^^^^^^
  File "/Users/artemfarniev2013/WebstormProjects/untitled20/gate_system/.venv312/lib/python3.12/site-packages/httpcore/_async/connection.py", line 101, in handle_async_request
    raise exc
  File "/Users/artemfarniev2013/WebstormProjects/untitled20/gate_system/.venv312/lib/python3.12/site-packages/httpcore/_async/connection.py", line 78, in handle_async_request
    stream = await self._connect(request)
             ^^^^^^^^^^^^^^^^^^^^^^^^^^^^
  File "/Users/artemfarniev2013/WebstormProjects/untitled20/gate_system/.venv312/lib/python3.12/site-packages/httpcore/_async/connection.py", line 124, in _connect
    stream = await self._network_backend.connect_tcp(**kwargs)
             ^^^^^^^^^^^^^^^^^^^^^^^^^^^^^^^^^^^^^^^^^^^^^^^^^
  File "/Users/artemfarniev2013/WebstormProjects/untitled20/gate_system/.venv312/lib/python3.12/site-packages/httpcore/_backends/auto.py", line 31, in connect_tcp
    return await self._backend.connect_tcp(
           ^^^^^^^^^^^^^^^^^^^^^^^^^^^^^^^^
  File "/Users/artemfarniev2013/WebstormProjects/untitled20/gate_system/.venv312/lib/python3.12/site-packages/httpcore/_backends/anyio.py", line 113, in connect_tcp
    with map_exceptions(exc_map):
  File "/Library/Frameworks/Python.framework/Versions/3.12/lib/python3.12/contextlib.py", line 158, in __exit__
    self.gen.throw(value)
  File "/Users/artemfarniev2013/WebstormProjects/untitled20/gate_system/.venv312/lib/python3.12/site-packages/httpcore/_exceptions.py", line 14, in map_exceptions
    raise to_exc(exc) from exc
httpcore.ConnectTimeout

The above exception was the direct cause of the following exception:

Traceback (most recent call last):
  File "/Users/artemfarniev2013/WebstormProjects/untitled20/gate_system/.venv312/lib/python3.12/site-packages/telegram/request/_httpxrequest.py", line 292, in do_request
    res = await self._client.request(
          ^^^^^^^^^^^^^^^^^^^^^^^^^^^
  File "/Users/artemfarniev2013/WebstormProjects/untitled20/gate_system/.venv312/lib/python3.12/site-packages/httpx/_client.py", line 1585, in request
    return await self.send(request, auth=auth, follow_redirects=follow_redirects)
           ^^^^^^^^^^^^^^^^^^^^^^^^^^^^^^^^^^^^^^^^^^^^^^^^^^^^^^^^^^^^^^^^^^^^^^
  File "/Users/artemfarniev2013/WebstormProjects/untitled20/gate_system/.venv312/lib/python3.12/site-packages/httpx/_client.py", line 1674, in send
    response = await self._send_handling_auth(
               ^^^^^^^^^^^^^^^^^^^^^^^^^^^^^^^
  File "/Users/artemfarniev2013/WebstormProjects/untitled20/gate_system/.venv312/lib/python3.12/site-packages/httpx/_client.py", line 1702, in _send_handling_auth
    response = await self._send_handling_redirects(
               ^^^^^^^^^^^^^^^^^^^^^^^^^^^^^^^^^^^^
  File "/Users/artemfarniev2013/WebstormProjects/untitled20/gate_system/.venv312/lib/python3.12/site-packages/httpx/_client.py", line 1739, in _send_handling_redirects
    response = await self._send_single_request(request)
               ^^^^^^^^^^^^^^^^^^^^^^^^^^^^^^^^^^^^^^^^
  File "/Users/artemfarniev2013/WebstormProjects/untitled20/gate_system/.venv312/lib/python3.12/site-packages/httpx/_client.py", line 1776, in _send_single_request
    response = await transport.handle_async_request(request)
               ^^^^^^^^^^^^^^^^^^^^^^^^^^^^^^^^^^^^^^^^^^^^^
  File "/Users/artemfarniev2013/WebstormProjects/untitled20/gate_system/.venv312/lib/python3.12/site-packages/httpx/_transports/default.py", line 376, in handle_async_request
    with map_httpcore_exceptions():
  File "/Library/Frameworks/Python.framework/Versions/3.12/lib/python3.12/contextlib.py", line 158, in __exit__
    self.gen.throw(value)
  File "/Users/artemfarniev2013/WebstormProjects/untitled20/gate_system/.venv312/lib/python3.12/site-packages/httpx/_transports/default.py", line 89, in map_httpcore_exceptions
    raise mapped_exc(message) from exc
httpx.ConnectTimeout

The above exception was the direct cause of the following exception:

Traceback (most recent call last):
  File "/Users/artemfarniev2013/WebstormProjects/untitled20/gate_system/main.py", line 76, in _run_service
    svc.run_forever()
  File "/Users/artemfarniev2013/WebstormProjects/untitled20/gate_system/main.py", line 40, in run_forever
    self._notifier.run()
  File "/Users/artemfarniev2013/WebstormProjects/untitled20/gate_system/telegram_bot.py", line 507, in run
    app.run_polling(close_loop=False, stop_signals=None)
  File "/Users/artemfarniev2013/WebstormProjects/untitled20/gate_system/.venv312/lib/python3.12/site-packages/telegram/ext/_application.py", line 881, in run_polling
    return self.__run(
           ^^^^^^^^^^^
  File "/Users/artemfarniev2013/WebstormProjects/untitled20/gate_system/.venv312/lib/python3.12/site-packages/telegram/ext/_application.py", line 1079, in __run
    loop.run_until_complete(self.initialize())
  File "/Library/Frameworks/Python.framework/Versions/3.12/lib/python3.12/asyncio/base_events.py", line 687, in run_until_complete
    return future.result()
           ^^^^^^^^^^^^^^^
  File "/Users/artemfarniev2013/WebstormProjects/untitled20/gate_system/.venv312/lib/python3.12/site-packages/telegram/ext/_application.py", line 503, in initialize
    await self.bot.initialize()
  File "/Users/artemfarniev2013/WebstormProjects/untitled20/gate_system/.venv312/lib/python3.12/site-packages/telegram/ext/_extbot.py", line 301, in initialize
    await super().initialize()
  File "/Users/artemfarniev2013/WebstormProjects/untitled20/gate_system/.venv312/lib/python3.12/site-packages/telegram/_bot.py", line 777, in initialize
    await self.get_me()
  File "/Users/artemfarniev2013/WebstormProjects/untitled20/gate_system/.venv312/lib/python3.12/site-packages/telegram/ext/_extbot.py", line 1920, in get_me
    return await super().get_me(
           ^^^^^^^^^^^^^^^^^^^^^
  File "/Users/artemfarniev2013/WebstormProjects/untitled20/gate_system/.venv312/lib/python3.12/site-packages/telegram/_bot.py", line 909, in get_me
    result = await self._post(
             ^^^^^^^^^^^^^^^^^
  File "/Users/artemfarniev2013/WebstormProjects/untitled20/gate_system/.venv312/lib/python3.12/site-packages/telegram/_bot.py", line 623, in _post
    return await self._do_post(
           ^^^^^^^^^^^^^^^^^^^^
  File "/Users/artemfarniev2013/WebstormProjects/untitled20/gate_system/.venv312/lib/python3.12/site-packages/telegram/ext/_extbot.py", line 355, in _do_post
    return await super()._do_post(
           ^^^^^^^^^^^^^^^^^^^^^^^
  File "/Users/artemfarniev2013/WebstormProjects/untitled20/gate_system/.venv312/lib/python3.12/site-packages/telegram/_bot.py", line 652, in _do_post
    result = await request.post(
             ^^^^^^^^^^^^^^^^^^^
  File "/Users/artemfarniev2013/WebstormProjects/untitled20/gate_system/.venv312/lib/python3.12/site-packages/telegram/request/_baserequest.py", line 201, in post
    result = await self._request_wrapper(
             ^^^^^^^^^^^^^^^^^^^^^^^^^^^^
  File "/Users/artemfarniev2013/WebstormProjects/untitled20/gate_system/.venv312/lib/python3.12/site-packages/telegram/request/_baserequest.py", line 333, in _request_wrapper
    code, payload = await self.do_request(
                    ^^^^^^^^^^^^^^^^^^^^^^
  File "/Users/artemfarniev2013/WebstormProjects/untitled20/gate_system/.venv312/lib/python3.12/site-packages/telegram/request/_httpxrequest.py", line 309, in do_request
    raise TimedOut from err
telegram.error.TimedOut: Timed out
2026-07-17 12:23:20,119 | INFO     | gate_system.main | Сервис 'telegram' остановлен
2026-07-17 12:23:22,059 | WARNING  | gate_system.camera | Не удалось открыть источник: rtsp://iphone-15.local:8554/live
2026-07-17 12:23:22,059 | INFO     | gate_system.camera | Камера закрыта
2026-07-17 12:23:22,060 | INFO     | gate_system.pipeline | Пайплайн распознавания остановлен
2026-07-17 12:23:22,060 | INFO     | gate_system.main | Сервис 'vision' остановлен
2026-07-17 12:23:22,060 | INFO     | gate_system.main | Все сервисы остановлены
2026-07-17 12:23:22,061 | INFO     | gate_system.events | ⏹️ Система остановлена
2026-07-17 12:23:22,061 | INFO     | gate_system.main | gate_system остановлен
2026-07-18 18:38:36,233 | INFO     | gate_system.main | Запуск gate_system (реле=stub, telegram=вкл)
2026-07-18 18:38:36,233 | INFO     | gate_system.events | ▶️ Система запущена
2026-07-18 18:38:36,728 | INFO     | gate_system.detector | Загрузка модели транспорта: models/yolov8n.pt
2026-07-18 18:38:38,435 | INFO     | gate_system.detector | Загрузка модели номеров: models/best.pt
2026-07-18 18:38:38,457 | INFO     | gate_system.ocr  | Движок OCR: Nomeroff-Net
2026-07-18 18:38:38,459 | INFO     | gate_system.main | Сервис 'vision' запущен
2026-07-18 18:38:38,459 | INFO     | gate_system.main | Сервис 'network' запущен
2026-07-18 18:38:38,460 | INFO     | gate_system.main | Сервис 'diagnostics' запущен
2026-07-18 18:38:38,460 | INFO     | gate_system.main | Сервис 'watchdog' запущен
2026-07-18 18:38:38,460 | INFO     | gate_system.main | Сервис 'telegram' запущен
2026-07-18 18:38:38,460 | INFO     | gate_system.network | NetworkMonitor запущен (интервал 10 с)
2026-07-18 18:38:38,460 | INFO     | gate_system.main | Запущены сервисы: vision, network, diagnostics, watchdog, telegram
2026-07-18 18:38:38,460 | INFO     | gate_system.diagnostics | Самодиагностика запущена (интервал 60 с)
2026-07-18 18:38:38,460 | INFO     | gate_system.watchdog | Watchdog запущен (таймаут 120 с)
2026-07-18 18:38:38,461 | INFO     | gate_system.network | Интернет доступен
2026-07-18 18:38:38,461 | INFO     | gate_system.events | 🌐 Интернет появился
2026-07-18 18:38:38,470 | WARNING  | gate_system.diagnostics | Диагностика: камера не отвечает
2026-07-18 18:38:38,488 | INFO     | gate_system.camera | Камера подключена: /Users/artemfarniev2013/WebstormProjects/untitled20/car3.mp4
2026-07-18 18:38:38,488 | INFO     | gate_system.pipeline | Пайплайн распознавания запущен
2026-07-18 18:38:38,724 | INFO     | gate_system.telegram | Telegram-бот запущен
2026-07-18 18:38:42,114 | INFO     | gate_system.ocr.nomeroff | Загрузчик моделей Nomeroff заменён на устойчивый (с докачкой)
2026-07-18 18:38:42,115 | INFO     | gate_system.ocr.nomeroff | Загрузка пайплайна Nomeroff-Net: number_plate_detection_and_reading
2026-07-18 18:39:06,548 | INFO     | gate_system.pipeline | Номер собран по кадрам: Х002МС177
2026-07-18 18:39:06,556 | INFO     | gate_system.gate | Открытие ворот. Источник: auto
2026-07-18 18:39:06,556 | INFO     | gate_system.relay | StubRelay: импульс 500 мс (замыкание контактов)
2026-07-18 18:39:07,061 | INFO     | gate_system.gate | Ворота открыты (источник=auto)
2026-07-18 18:39:07,072 | INFO     | gate_system.events | 🚗 Ворота открыты — Х002МС177
2026-07-18 18:39:19,639 | INFO     | gate_system.network | NetworkMonitor остановлен
2026-07-18 18:39:19,640 | INFO     | gate_system.diagnostics | Самодиагностика остановлена
2026-07-18 18:39:19,640 | INFO     | gate_system.watchdog | Watchdog остановлен
2026-07-18 18:39:19,644 | INFO     | gate_system.main | Сервис 'network' остановлен
2026-07-18 18:39:19,644 | INFO     | gate_system.main | Сервис 'diagnostics' остановлен
2026-07-18 18:39:19,645 | INFO     | gate_system.main | Сервис 'watchdog' остановлен
2026-07-18 18:39:20,119 | INFO     | gate_system.main | Сервис 'telegram' остановлен
2026-07-18 18:39:21,352 | INFO     | gate_system.camera | Камера закрыта
2026-07-18 18:39:21,352 | INFO     | gate_system.pipeline | Пайплайн распознавания остановлен
2026-07-18 18:39:21,352 | INFO     | gate_system.main | Сервис 'vision' остановлен
2026-07-18 18:39:21,352 | INFO     | gate_system.main | Все сервисы остановлены
2026-07-18 18:39:21,353 | INFO     | gate_system.events | ⏹️ Система остановлена
2026-07-18 18:39:21,353 | INFO     | gate_system.main | gate_system остановлен
2026-07-18 18:42:40,595 | INFO     | gate_system.main | Запуск gate_system (реле=stub, telegram=вкл)
2026-07-18 18:42:40,596 | INFO     | gate_system.events | ▶️ Система запущена
2026-07-18 18:42:40,861 | INFO     | gate_system.detector | Загрузка модели транспорта: models/yolov8n.pt
2026-07-18 18:42:41,921 | INFO     | gate_system.detector | Загрузка модели номеров: models/best.pt
2026-07-18 18:42:41,939 | INFO     | gate_system.ocr  | Движок OCR: Nomeroff-Net
2026-07-18 18:42:41,941 | INFO     | gate_system.main | Сервис 'vision' запущен
2026-07-18 18:42:41,942 | INFO     | gate_system.main | Сервис 'network' запущен
2026-07-18 18:42:41,942 | INFO     | gate_system.main | Сервис 'diagnostics' запущен
2026-07-18 18:42:41,942 | INFO     | gate_system.main | Сервис 'watchdog' запущен
2026-07-18 18:42:41,942 | INFO     | gate_system.main | Сервис 'telegram' запущен
2026-07-18 18:42:41,942 | INFO     | gate_system.network | NetworkMonitor запущен (интервал 10 с)
2026-07-18 18:42:41,942 | INFO     | gate_system.main | Запущены сервисы: vision, network, diagnostics, watchdog, telegram
2026-07-18 18:42:41,942 | INFO     | gate_system.diagnostics | Самодиагностика запущена (интервал 60 с)
2026-07-18 18:42:41,942 | INFO     | gate_system.watchdog | Watchdog запущен (таймаут 120 с)
2026-07-18 18:42:41,942 | INFO     | gate_system.network | Интернет доступен
2026-07-18 18:42:41,942 | INFO     | gate_system.events | 🌐 Интернет появился
2026-07-18 18:42:41,950 | WARNING  | gate_system.diagnostics | Диагностика: камера не отвечает
2026-07-18 18:42:41,962 | INFO     | gate_system.camera | Камера подключена: /Users/artemfarniev2013/WebstormProjects/untitled20/car3.mp4
2026-07-18 18:42:41,963 | INFO     | gate_system.pipeline | Пайплайн распознавания запущен
2026-07-18 18:42:42,151 | INFO     | gate_system.telegram | Telegram-бот запущен
2026-07-18 18:42:44,834 | INFO     | gate_system.ocr.nomeroff | Загрузчик моделей Nomeroff заменён на устойчивый (с докачкой)
2026-07-18 18:42:44,834 | INFO     | gate_system.ocr.nomeroff | Загрузка пайплайна Nomeroff-Net: number_plate_detection_and_reading
2026-07-18 18:43:09,667 | INFO     | gate_system.pipeline | Номер собран по кадрам: Х002МС177
2026-07-18 18:43:09,674 | INFO     | gate_system.gate | Открытие ворот. Источник: auto
2026-07-18 18:43:09,674 | INFO     | gate_system.relay | StubRelay: импульс 500 мс (замыкание контактов)
2026-07-18 18:43:10,179 | INFO     | gate_system.gate | Ворота открыты (источник=auto)
2026-07-18 18:43:10,189 | INFO     | gate_system.events | 🚗 Ворота открыты — Х002МС177
2026-07-18 18:44:31,486 | WARNING  | gate_system.pipeline | Кадр не получен — переподключение к камере
2026-07-18 18:44:31,487 | WARNING  | gate_system.camera | Переподключение к камере через 1.0 с: /Users/artemfarniev2013/WebstormProjects/untitled20/car3.mp4
2026-07-18 18:44:31,487 | INFO     | gate_system.events | 📷 Камера не отвечает, пытаюсь переподключиться
2026-07-18 18:44:32,525 | INFO     | gate_system.camera | Камера подключена: /Users/artemfarniev2013/WebstormProjects/untitled20/car3.mp4
2026-07-18 18:44:32,525 | INFO     | gate_system.camera | Камера восстановлена
2026-07-18 18:44:32,526 | INFO     | gate_system.events | 📷 Камера снова на связи
2026-07-18 18:46:02,120 | WARNING  | gate_system.pipeline | Кадр не получен — переподключение к камере
2026-07-18 18:46:02,121 | WARNING  | gate_system.camera | Переподключение к камере через 1.0 с: /Users/artemfarniev2013/WebstormProjects/untitled20/car3.mp4
2026-07-18 18:46:02,121 | INFO     | gate_system.events | 📷 Камера не отвечает, пытаюсь переподключиться
2026-07-18 18:46:03,152 | INFO     | gate_system.camera | Камера подключена: /Users/artemfarniev2013/WebstormProjects/untitled20/car3.mp4
2026-07-18 18:46:03,152 | INFO     | gate_system.camera | Камера восстановлена
2026-07-18 18:46:03,152 | INFO     | gate_system.events | 📷 Камера снова на связи
2026-07-18 18:46:30,056 | INFO     | gate_system.pipeline | Номер собран по кадрам: Х002МС177
2026-07-18 18:46:30,063 | INFO     | gate_system.gate | Открытие ворот. Источник: auto
2026-07-18 18:46:30,063 | INFO     | gate_system.relay | StubRelay: импульс 500 мс (замыкание контактов)
2026-07-18 18:46:30,569 | INFO     | gate_system.gate | Ворота открыты (источник=auto)
2026-07-18 18:46:30,577 | INFO     | gate_system.events | 🚗 Ворота открыты — Х002МС177
2026-07-18 18:47:33,591 | WARNING  | gate_system.pipeline | Кадр не получен — переподключение к камере
2026-07-18 18:47:33,592 | WARNING  | gate_system.camera | Переподключение к камере через 1.0 с: /Users/artemfarniev2013/WebstormProjects/untitled20/car3.mp4
2026-07-18 18:47:33,593 | INFO     | gate_system.events | 📷 Камера не отвечает, пытаюсь переподключиться
2026-07-18 18:47:34,621 | INFO     | gate_system.camera | Камера подключена: /Users/artemfarniev2013/WebstormProjects/untitled20/car3.mp4
2026-07-18 18:47:34,621 | INFO     | gate_system.camera | Камера восстановлена
2026-07-18 18:47:34,621 | INFO     | gate_system.events | 📷 Камера снова на связи
2026-07-18 18:49:03,640 | WARNING  | gate_system.pipeline | Кадр не получен — переподключение к камере
2026-07-18 18:49:03,642 | WARNING  | gate_system.camera | Переподключение к камере через 1.0 с: /Users/artemfarniev2013/WebstormProjects/untitled20/car3.mp4
2026-07-18 18:49:03,642 | INFO     | gate_system.events | 📷 Камера не отвечает, пытаюсь переподключиться
2026-07-18 18:49:04,666 | INFO     | gate_system.camera | Камера подключена: /Users/artemfarniev2013/WebstormProjects/untitled20/car3.mp4
2026-07-18 18:49:04,667 | INFO     | gate_system.camera | Камера восстановлена
2026-07-18 18:49:04,667 | INFO     | gate_system.events | 📷 Камера снова на связи
2026-07-18 18:49:50,320 | INFO     | gate_system.pipeline | Номер собран по кадрам: Х002МС177
2026-07-18 18:49:50,327 | INFO     | gate_system.gate | Открытие ворот. Источник: auto
2026-07-18 18:49:50,327 | INFO     | gate_system.relay | StubRelay: импульс 500 мс (замыкание контактов)
2026-07-18 18:49:50,832 | INFO     | gate_system.gate | Ворота открыты (источник=auto)
2026-07-18 18:49:50,843 | INFO     | gate_system.events | 🚗 Ворота открыты — Х002МС177
2026-07-18 18:50:48,592 | WARNING  | gate_system.pipeline | Кадр не получен — переподключение к камере
2026-07-18 18:50:48,593 | WARNING  | gate_system.camera | Переподключение к камере через 1.0 с: /Users/artemfarniev2013/WebstormProjects/untitled20/car3.mp4
2026-07-18 18:50:48,593 | INFO     | gate_system.events | 📷 Камера не отвечает, пытаюсь переподключиться
2026-07-18 18:50:49,629 | INFO     | gate_system.camera | Камера подключена: /Users/artemfarniev2013/WebstormProjects/untitled20/car3.mp4
2026-07-18 18:50:49,629 | INFO     | gate_system.camera | Камера восстановлена
2026-07-18 18:50:49,629 | INFO     | gate_system.events | 📷 Камера снова на связи
2026-07-18 18:52:19,383 | WARNING  | gate_system.pipeline | Кадр не получен — переподключение к камере
2026-07-18 18:52:19,384 | WARNING  | gate_system.camera | Переподключение к камере через 1.0 с: /Users/artemfarniev2013/WebstormProjects/untitled20/car3.mp4
2026-07-18 18:52:19,384 | INFO     | gate_system.events | 📷 Камера не отвечает, пытаюсь переподключиться
2026-07-18 18:52:20,412 | INFO     | gate_system.camera | Камера подключена: /Users/artemfarniev2013/WebstormProjects/untitled20/car3.mp4
2026-07-18 18:52:20,413 | INFO     | gate_system.camera | Камера восстановлена
2026-07-18 18:52:20,413 | INFO     | gate_system.events | 📷 Камера снова на связи
2026-07-18 18:53:08,055 | INFO     | gate_system.watchdog | Watchdog остановлен
2026-07-18 18:53:08,055 | INFO     | gate_system.diagnostics | Самодиагностика остановлена
2026-07-18 18:53:08,055 | INFO     | gate_system.network | NetworkMonitor остановлен
2026-07-18 18:53:08,057 | INFO     | gate_system.main | Сервис 'watchdog' остановлен
2026-07-18 18:53:08,057 | INFO     | gate_system.main | Сервис 'diagnostics' остановлен
2026-07-18 18:53:08,057 | INFO     | gate_system.main | Сервис 'network' остановлен
2026-07-18 18:53:08,132 | INFO     | gate_system.camera | Камера закрыта
2026-07-18 18:53:08,132 | INFO     | gate_system.pipeline | Пайплайн распознавания остановлен
2026-07-18 18:53:08,132 | INFO     | gate_system.main | Сервис 'vision' остановлен
2026-07-18 18:53:08,721 | INFO     | gate_system.main | Сервис 'telegram' остановлен
2026-07-18 18:53:08,722 | INFO     | gate_system.main | Все сервисы остановлены
2026-07-18 18:53:08,724 | INFO     | gate_system.events | ⏹️ Система остановлена
2026-07-18 18:53:08,726 | INFO     | gate_system.main | gate_system остановлен
2026-08-19 15:33:57,225 | INFO     | gate_system.main | Запуск gate_system (реле=stub, telegram=вкл)
2026-08-19 15:33:57,226 | INFO     | gate_system.events | ▶️ Система запущена
2026-08-19 15:33:58,683 | INFO     | gate_system.detector | Загрузка модели транспорта: models/yolov8n.pt
2026-08-19 15:34:02,823 | INFO     | gate_system.detector | Загрузка модели номеров: models/best.pt
2026-08-19 15:34:02,841 | INFO     | gate_system.ocr  | Движок OCR: Nomeroff-Net
2026-08-19 15:34:02,844 | INFO     | gate_system.main | Сервис 'vision' запущен
2026-08-19 15:34:02,844 | INFO     | gate_system.main | Сервис 'network' запущен
2026-08-19 15:34:02,845 | INFO     | gate_system.main | Сервис 'diagnostics' запущен
2026-08-19 15:34:02,845 | INFO     | gate_system.main | Сервис 'watchdog' запущен
2026-08-19 15:34:02,845 | INFO     | gate_system.main | Сервис 'telegram' запущен
2026-08-19 15:34:02,845 | INFO     | gate_system.network | NetworkMonitor запущен (интервал 10 с)
2026-08-19 15:34:02,845 | INFO     | gate_system.main | Запущены сервисы: vision, network, diagnostics, watchdog, telegram
2026-08-19 15:34:02,845 | INFO     | gate_system.diagnostics | Самодиагностика запущена (интервал 60 с)
2026-08-19 15:34:02,845 | INFO     | gate_system.watchdog | Watchdog запущен (таймаут 120 с)
2026-08-19 15:34:02,846 | INFO     | gate_system.network | Интернет доступен
2026-08-19 15:34:02,846 | INFO     | gate_system.events | 🌐 Интернет появился
2026-08-19 15:34:02,863 | INFO     | gate_system.camera | Камера подключена: /Users/artemfarniev2013/WebstormProjects/untitled20/car3.mp4
2026-08-19 15:34:02,863 | INFO     | gate_system.pipeline | Пайплайн распознавания запущен
2026-08-19 15:34:02,864 | WARNING  | gate_system.diagnostics | Диагностика: камера не отвечает
2026-08-19 15:34:03,166 | INFO     | gate_system.telegram | Telegram-бот запущен
2026-08-19 15:34:06,246 | INFO     | gate_system.ocr.nomeroff | Загрузчик моделей Nomeroff заменён на устойчивый (с докачкой)
2026-08-19 15:34:06,247 | INFO     | gate_system.ocr.nomeroff | Загрузка пайплайна Nomeroff-Net: number_plate_detection_and_reading
2026-08-19 15:34:30,826 | INFO     | gate_system.pipeline | Номер собран по кадрам: Х002МС177
2026-08-19 15:34:30,836 | INFO     | gate_system.gate | Открытие ворот. Источник: auto
2026-08-19 15:34:30,836 | INFO     | gate_system.relay | StubRelay: импульс 500 мс (замыкание контактов)
2026-08-19 15:34:31,341 | INFO     | gate_system.gate | Ворота открыты (источник=auto)
2026-08-19 15:34:31,351 | INFO     | gate_system.events | 🚗 Ворота открыты — Х002МС177
2026-08-19 15:35:49,678 | WARNING  | gate_system.pipeline | Кадр не получен — переподключение к камере
2026-08-19 15:35:49,679 | WARNING  | gate_system.camera | Переподключение к камере через 1.0 с: /Users/artemfarniev2013/WebstormProjects/untitled20/car3.mp4
2026-08-19 15:35:49,679 | INFO     | gate_system.events | 📷 Камера не отвечает, пытаюсь переподключиться
2026-08-19 15:35:50,724 | INFO     | gate_system.camera | Камера подключена: /Users/artemfarniev2013/WebstormProjects/untitled20/car3.mp4
2026-08-19 15:35:50,724 | INFO     | gate_system.camera | Камера восстановлена
2026-08-19 15:35:50,724 | INFO     | gate_system.events | 📷 Камера снова на связи
2026-08-19 15:37:24,399 | WARNING  | gate_system.pipeline | Кадр не получен — переподключение к камере
2026-08-19 15:37:24,400 | WARNING  | gate_system.camera | Переподключение к камере через 1.0 с: /Users/artemfarniev2013/WebstormProjects/untitled20/car3.mp4
2026-08-19 15:37:24,400 | INFO     | gate_system.events | 📷 Камера не отвечает, пытаюсь переподключиться
2026-08-19 15:37:25,430 | INFO     | gate_system.camera | Камера подключена: /Users/artemfarniev2013/WebstormProjects/untitled20/car3.mp4
2026-08-19 15:37:25,431 | INFO     | gate_system.camera | Камера восстановлена
2026-08-19 15:37:25,431 | INFO     | gate_system.events | 📷 Камера снова на связи
2026-08-19 15:37:51,395 | INFO     | gate_system.pipeline | Номер собран по кадрам: Х002МС177
2026-08-19 15:37:51,403 | INFO     | gate_system.gate | Открытие ворот. Источник: auto
2026-08-19 15:37:51,403 | INFO     | gate_system.relay | StubRelay: импульс 500 мс (замыкание контактов)
2026-08-19 15:37:51,908 | INFO     | gate_system.gate | Ворота открыты (источник=auto)
2026-08-19 15:37:51,910 | INFO     | gate_system.events | 🚗 Ворота открыты — Х002МС177
2026-08-19 15:39:04,616 | WARNING  | gate_system.pipeline | Кадр не получен — переподключение к камере
2026-08-19 15:39:04,617 | WARNING  | gate_system.camera | Переподключение к камере через 1.0 с: /Users/artemfarniev2013/WebstormProjects/untitled20/car3.mp4
2026-08-19 15:39:04,617 | INFO     | gate_system.events | 📷 Камера не отвечает, пытаюсь переподключиться
2026-08-19 15:39:05,653 | INFO     | gate_system.camera | Камера подключена: /Users/artemfarniev2013/WebstormProjects/untitled20/car3.mp4
2026-08-19 15:39:05,653 | INFO     | gate_system.camera | Камера восстановлена
2026-08-19 15:39:05,654 | INFO     | gate_system.events | 📷 Камера снова на связи
2026-08-19 15:40:46,885 | WARNING  | gate_system.pipeline | Кадр не получен — переподключение к камере
2026-08-19 15:40:46,886 | WARNING  | gate_system.camera | Переподключение к камере через 1.0 с: /Users/artemfarniev2013/WebstormProjects/untitled20/car3.mp4
2026-08-19 15:40:46,887 | INFO     | gate_system.events | 📷 Камера не отвечает, пытаюсь переподключиться
2026-08-19 15:40:47,919 | INFO     | gate_system.camera | Камера подключена: /Users/artemfarniev2013/WebstormProjects/untitled20/car3.mp4
2026-08-19 15:40:47,919 | INFO     | gate_system.camera | Камера восстановлена
2026-08-19 15:40:47,919 | INFO     | gate_system.events | 📷 Камера снова на связи
2026-08-19 15:41:12,661 | INFO     | gate_system.pipeline | Номер собран по кадрам: Х002МС177
2026-08-19 15:41:12,668 | INFO     | gate_system.gate | Открытие ворот. Источник: auto
2026-08-19 15:41:12,668 | INFO     | gate_system.relay | StubRelay: импульс 500 мс (замыкание контактов)
2026-08-19 15:41:13,173 | INFO     | gate_system.gate | Ворота открыты (источник=auto)
2026-08-19 15:41:13,186 | INFO     | gate_system.events | 🚗 Ворота открыты — Х002МС177
2026-08-19 15:42:23,271 | WARNING  | gate_system.pipeline | Кадр не получен — переподключение к камере
2026-08-19 15:42:23,272 | WARNING  | gate_system.camera | Переподключение к камере через 1.0 с: /Users/artemfarniev2013/WebstormProjects/untitled20/car3.mp4
2026-08-19 15:42:23,272 | INFO     | gate_system.events | 📷 Камера не отвечает, пытаюсь переподключиться
2026-08-19 15:42:24,303 | INFO     | gate_system.camera | Камера подключена: /Users/artemfarniev2013/WebstormProjects/untitled20/car3.mp4
2026-08-19 15:42:24,303 | INFO     | gate_system.camera | Камера восстановлена
2026-08-19 15:42:24,304 | INFO     | gate_system.events | 📷 Камера снова на связи
2026-08-19 15:43:55,818 | WARNING  | gate_system.pipeline | Кадр не получен — переподключение к камере
2026-08-19 15:43:55,819 | WARNING  | gate_system.camera | Переподключение к камере через 1.0 с: /Users/artemfarniev2013/WebstormProjects/untitled20/car3.mp4
2026-08-19 15:43:55,819 | INFO     | gate_system.events | 📷 Камера не отвечает, пытаюсь переподключиться
2026-08-19 15:43:56,853 | INFO     | gate_system.camera | Камера подключена: /Users/artemfarniev2013/WebstormProjects/untitled20/car3.mp4
2026-08-19 15:43:56,853 | INFO     | gate_system.camera | Камера восстановлена
2026-08-19 15:43:56,853 | INFO     | gate_system.events | 📷 Камера снова на связи
2026-08-19 15:44:33,244 | INFO     | gate_system.pipeline | Номер собран по кадрам: Х002МС177
2026-08-19 15:44:33,251 | INFO     | gate_system.gate | Открытие ворот. Источник: auto
2026-08-19 15:44:33,251 | INFO     | gate_system.relay | StubRelay: импульс 500 мс (замыкание контактов)
2026-08-19 15:44:33,756 | INFO     | gate_system.gate | Ворота открыты (источник=auto)
2026-08-19 15:44:33,770 | INFO     | gate_system.events | 🚗 Ворота открыты — Х002МС177
2026-08-19 15:45:31,686 | WARNING  | gate_system.pipeline | Кадр не получен — переподключение к камере
2026-08-19 15:45:31,688 | WARNING  | gate_system.camera | Переподключение к камере через 1.0 с: /Users/artemfarniev2013/WebstormProjects/untitled20/car3.mp4
2026-08-19 15:45:31,688 | INFO     | gate_system.events | 📷 Камера не отвечает, пытаюсь переподключиться
2026-08-19 15:45:32,719 | INFO     | gate_system.camera | Камера подключена: /Users/artemfarniev2013/WebstormProjects/untitled20/car3.mp4
2026-08-19 15:45:32,720 | INFO     | gate_system.camera | Камера восстановлена
2026-08-19 15:45:32,720 | INFO     | gate_system.events | 📷 Камера снова на связи
2026-08-19 15:45:37,055 | INFO     | gate_system.diagnostics | Самодиагностика остановлена
2026-08-19 15:45:37,055 | INFO     | gate_system.watchdog | Watchdog остановлен
2026-08-19 15:45:37,055 | INFO     | gate_system.network | NetworkMonitor остановлен
2026-08-19 15:45:37,056 | INFO     | gate_system.main | Сервис 'diagnostics' остановлен
2026-08-19 15:45:37,056 | INFO     | gate_system.main | Сервис 'watchdog' остановлен
2026-08-19 15:45:37,056 | INFO     | gate_system.main | Сервис 'network' остановлен
2026-08-19 15:45:37,558 | INFO     | gate_system.main | Сервис 'telegram' остановлен
2026-08-19 15:45:37,861 | INFO     | gate_system.camera | Камера закрыта
2026-08-19 15:45:37,861 | INFO     | gate_system.pipeline | Пайплайн распознавания остановлен
2026-08-19 15:45:37,861 | INFO     | gate_system.main | Сервис 'vision' остановлен
2026-08-19 15:45:37,863 | INFO     | gate_system.main | Все сервисы остановлены
2026-08-19 15:45:37,863 | INFO     | gate_system.events | ⏹️ Система остановлена
2026-08-19 15:45:37,863 | INFO     | gate_system.main | gate_system остановлен
2026-08-20 14:58:12,027 | INFO     | gate_system.main | Запуск gate_system (реле=stub, telegram=вкл)
2026-08-20 14:58:12,027 | INFO     | gate_system.events | ▶️ Система запущена
2026-08-20 14:58:12,287 | INFO     | gate_system.detector | Загрузка модели транспорта: models/yolov8n.pt
2026-08-20 14:58:13,348 | INFO     | gate_system.detector | Загрузка модели номеров: models/best.pt
2026-08-20 14:58:13,377 | INFO     | gate_system.ocr  | Движок OCR: Nomeroff-Net
2026-08-20 14:58:13,384 | INFO     | gate_system.main | Камера 'entry' (роль=entry, движение=False): rtsp://192.168.31.121:8554/live
2026-08-20 14:58:13,384 | INFO     | gate_system.main | Камера 'exit' (роль=exit, движение=True): rtsp://192.168.31.122:8554/live
2026-08-20 14:58:13,384 | INFO     | gate_system.main | Сервис 'vision:entry' запущен
2026-08-20 14:58:13,384 | INFO     | gate_system.main | Сервис 'vision:exit' запущен
2026-08-20 14:58:13,385 | INFO     | gate_system.main | Сервис 'network' запущен
2026-08-20 14:58:13,385 | INFO     | gate_system.main | Сервис 'diagnostics' запущен
2026-08-20 14:58:13,385 | INFO     | gate_system.main | Сервис 'watchdog' запущен
2026-08-20 14:58:13,385 | INFO     | gate_system.main | Сервис 'telegram' запущен
2026-08-20 14:58:13,385 | INFO     | gate_system.main | Запущены сервисы: vision:entry, vision:exit, network, diagnostics, watchdog, telegram
2026-08-20 14:58:13,385 | INFO     | gate_system.network | NetworkMonitor запущен (интервал 10 с)
2026-08-20 14:58:13,385 | INFO     | gate_system.diagnostics | Самодиагностика запущена (интервал 60 с)
2026-08-20 14:58:13,385 | INFO     | gate_system.watchdog | Watchdog запущен (таймаут 120 с)
2026-08-20 14:58:13,386 | INFO     | gate_system.network | Интернет доступен
2026-08-20 14:58:13,386 | INFO     | gate_system.events | 🌐 Интернет появился
2026-08-20 14:58:13,873 | WARNING  | gate_system.camera | Не удалось открыть источник: rtsp://192.168.31.122:8554/live
2026-08-20 14:58:13,873 | WARNING  | gate_system.camera | Не удалось открыть источник: rtsp://192.168.31.121:8554/live
2026-08-20 14:58:13,874 | INFO     | gate_system.pipeline | Пайплайн распознавания запущен
2026-08-20 14:58:13,875 | INFO     | gate_system.pipeline | Пайплайн распознавания запущен
2026-08-20 14:58:14,002 | WARNING  | gate_system.pipeline | Кадр не получен — переподключение к камере
2026-08-20 14:58:14,002 | WARNING  | gate_system.pipeline | Кадр не получен — переподключение к камере
2026-08-20 14:58:14,003 | WARNING  | gate_system.diagnostics | Диагностика: камера не отвечает
2026-08-20 14:58:14,003 | WARNING  | gate_system.camera | Переподключение к камере через 1.0 с: rtsp://192.168.31.122:8554/live
2026-08-20 14:58:14,004 | WARNING  | gate_system.camera | Переподключение к камере через 1.0 с: rtsp://192.168.31.121:8554/live
2026-08-20 14:58:14,013 | INFO     | gate_system.events | 📷 Камера не отвечает, пытаюсь переподключиться
2026-08-20 14:58:14,013 | INFO     | gate_system.events | 📷 Камера не отвечает, пытаюсь переподключиться
2026-08-20 14:58:14,160 | INFO     | gate_system.telegram | Telegram-бот запущен
2026-08-20 14:58:15,021 | WARNING  | gate_system.camera | Не удалось открыть источник: rtsp://192.168.31.122:8554/live
2026-08-20 14:58:15,022 | WARNING  | gate_system.pipeline | Кадр не получен — переподключение к камере
2026-08-20 14:58:15,022 | WARNING  | gate_system.camera | Переподключение к камере через 2.0 с: rtsp://192.168.31.122:8554/live
2026-08-20 14:58:15,023 | WARNING  | gate_system.camera | Не удалось открыть источник: rtsp://192.168.31.121:8554/live
2026-08-20 14:58:15,023 | WARNING  | gate_system.pipeline | Кадр не получен — переподключение к камере
2026-08-20 14:58:15,023 | WARNING  | gate_system.camera | Переподключение к камере через 2.0 с: rtsp://192.168.31.121:8554/live
2026-08-20 14:58:17,026 | WARNING  | gate_system.camera | Не удалось открыть источник: rtsp://192.168.31.122:8554/live
2026-08-20 14:58:17,027 | WARNING  | gate_system.pipeline | Кадр не получен — переподключение к камере
2026-08-20 14:58:17,027 | WARNING  | gate_system.camera | Переподключение к камере через 4.0 с: rtsp://192.168.31.122:8554/live
2026-08-20 14:58:17,029 | WARNING  | gate_system.camera | Не удалось открыть источник: rtsp://192.168.31.121:8554/live
2026-08-20 14:58:17,030 | WARNING  | gate_system.pipeline | Кадр не получен — переподключение к камере
2026-08-20 14:58:17,030 | WARNING  | gate_system.camera | Переподключение к камере через 4.0 с: rtsp://192.168.31.121:8554/live
2026-08-20 14:58:21,035 | WARNING  | gate_system.camera | Не удалось открыть источник: rtsp://192.168.31.122:8554/live
2026-08-20 14:58:21,035 | WARNING  | gate_system.pipeline | Кадр не получен — переподключение к камере
2026-08-20 14:58:21,036 | WARNING  | gate_system.camera | Переподключение к камере через 8.0 с: rtsp://192.168.31.122:8554/live
2026-08-20 14:58:21,036 | WARNING  | gate_system.camera | Не удалось открыть источник: rtsp://192.168.31.121:8554/live
2026-08-20 14:58:21,037 | WARNING  | gate_system.pipeline | Кадр не получен — переподключение к камере
2026-08-20 14:58:21,037 | WARNING  | gate_system.camera | Переподключение к камере через 8.0 с: rtsp://192.168.31.121:8554/live
2026-08-20 14:58:29,043 | WARNING  | gate_system.camera | Не удалось открыть источник: rtsp://192.168.31.122:8554/live
2026-08-20 14:58:29,045 | WARNING  | gate_system.pipeline | Кадр не получен — переподключение к камере
2026-08-20 14:58:29,045 | WARNING  | gate_system.camera | Не удалось открыть источник: rtsp://192.168.31.121:8554/live
2026-08-20 14:58:29,046 | WARNING  | gate_system.pipeline | Кадр не получен — переподключение к камере
2026-08-20 14:58:29,046 | WARNING  | gate_system.camera | Переподключение к камере через 16.0 с: rtsp://192.168.31.121:8554/live
2026-08-20 14:58:29,045 | WARNING  | gate_system.camera | Переподключение к камере через 16.0 с: rtsp://192.168.31.122:8554/live
2026-08-20 14:58:30,331 | INFO     | gate_system.network | NetworkMonitor остановлен
2026-08-20 14:58:30,331 | INFO     | gate_system.diagnostics | Самодиагностика остановлена
2026-08-20 14:58:30,331 | INFO     | gate_system.watchdog | Watchdog остановлен
2026-08-20 14:58:30,332 | INFO     | gate_system.main | Сервис 'network' остановлен
2026-08-20 14:58:30,334 | INFO     | gate_system.main | Сервис 'diagnostics' остановлен
2026-08-20 14:58:30,335 | INFO     | gate_system.main | Сервис 'watchdog' остановлен
2026-08-20 14:58:30,606 | INFO     | gate_system.main | Сервис 'telegram' остановлен
2026-08-20 14:58:40,341 | INFO     | gate_system.main | Все сервисы остановлены
2026-08-20 14:58:40,341 | INFO     | gate_system.events | ⏹️ Система остановлена
2026-08-20 14:58:40,342 | INFO     | gate_system.main | gate_system остановлен
2026-08-20 14:58:56,484 | INFO     | gate_system.main | Запуск gate_system (реле=stub, telegram=вкл)
2026-08-20 14:58:56,484 | INFO     | gate_system.events | ▶️ Система запущена
2026-08-20 14:58:56,579 | INFO     | gate_system.detector | Загрузка модели транспорта: models/yolov8n.pt
2026-08-20 14:58:57,436 | INFO     | gate_system.detector | Загрузка модели номеров: models/best.pt
2026-08-20 14:58:57,458 | INFO     | gate_system.ocr  | Движок OCR: Nomeroff-Net
2026-08-20 14:58:57,460 | INFO     | gate_system.main | Камера 'camera' (роль=entry, движение=False): /Users/artemfarniev2013/WebstormProjects/untitled20/car3.mp4
2026-08-20 14:58:57,460 | INFO     | gate_system.main | Сервис 'vision:camera' запущен
2026-08-20 14:58:57,460 | INFO     | gate_system.main | Сервис 'network' запущен
2026-08-20 14:58:57,461 | INFO     | gate_system.main | Сервис 'diagnostics' запущен
2026-08-20 14:58:57,461 | INFO     | gate_system.network | NetworkMonitor запущен (интервал 10 с)
2026-08-20 14:58:57,461 | INFO     | gate_system.main | Сервис 'watchdog' запущен
2026-08-20 14:58:57,461 | INFO     | gate_system.main | Сервис 'telegram' запущен
2026-08-20 14:58:57,461 | INFO     | gate_system.main | Запущены сервисы: vision:camera, network, diagnostics, watchdog, telegram
2026-08-20 14:58:57,461 | INFO     | gate_system.diagnostics | Самодиагностика запущена (интервал 60 с)
2026-08-20 14:58:57,461 | INFO     | gate_system.watchdog | Watchdog запущен (таймаут 120 с)
2026-08-20 14:58:57,461 | INFO     | gate_system.network | Интернет доступен
2026-08-20 14:58:57,462 | INFO     | gate_system.events | 🌐 Интернет появился
2026-08-20 14:58:57,476 | WARNING  | gate_system.diagnostics | Диагностика: камера не отвечает
2026-08-20 14:58:57,480 | INFO     | gate_system.camera | Камера подключена: /Users/artemfarniev2013/WebstormProjects/untitled20/car3.mp4
2026-08-20 14:58:57,480 | INFO     | gate_system.pipeline | Пайплайн распознавания запущен
2026-08-20 14:58:57,681 | INFO     | gate_system.telegram | Telegram-бот запущен
2026-08-20 14:59:00,044 | INFO     | gate_system.ocr.nomeroff | Загрузчик моделей Nomeroff заменён на устойчивый (с докачкой)
2026-08-20 14:59:00,044 | INFO     | gate_system.ocr.nomeroff | Загрузка пайплайна Nomeroff-Net: number_plate_detection_and_reading
2026-08-20 14:59:24,540 | INFO     | gate_system.pipeline | Номер собран по кадрам: Х002МС177
2026-08-20 14:59:24,548 | INFO     | gate_system.gate | Открытие ворот. Источник: auto
2026-08-20 14:59:24,548 | INFO     | gate_system.relay | StubRelay: импульс 500 мс (замыкание контактов)
2026-08-20 14:59:25,053 | INFO     | gate_system.gate | Ворота открыты (источник=auto)
2026-08-20 14:59:25,061 | INFO     | gate_system.events | 🚗 Ворота открыты — Х002МС177
2026-08-20 15:00:58,777 | WARNING  | gate_system.pipeline | Кадр не получен — переподключение к камере
2026-08-20 15:00:58,777 | WARNING  | gate_system.camera | Переподключение к камере через 1.0 с: /Users/artemfarniev2013/WebstormProjects/untitled20/car3.mp4
2026-08-20 15:00:58,777 | INFO     | gate_system.events | 📷 Камера не отвечает, пытаюсь переподключиться
2026-08-20 15:00:59,824 | INFO     | gate_system.camera | Камера подключена: /Users/artemfarniev2013/WebstormProjects/untitled20/car3.mp4
2026-08-20 15:00:59,824 | INFO     | gate_system.camera | Камера восстановлена
2026-08-20 15:00:59,825 | INFO     | gate_system.events | 📷 Камера снова на связи
2026-08-20 15:02:32,964 | WARNING  | gate_system.pipeline | Кадр не получен — переподключение к камере
2026-08-20 15:02:32,965 | WARNING  | gate_system.camera | Переподключение к камере через 1.0 с: /Users/artemfarniev2013/WebstormProjects/untitled20/car3.mp4
2026-08-20 15:02:32,965 | INFO     | gate_system.events | 📷 Камера не отвечает, пытаюсь переподключиться
2026-08-20 15:02:33,990 | INFO     | gate_system.camera | Камера подключена: /Users/artemfarniev2013/WebstormProjects/untitled20/car3.mp4
2026-08-20 15:02:33,990 | INFO     | gate_system.camera | Камера восстановлена
2026-08-20 15:02:33,990 | INFO     | gate_system.events | 📷 Камера снова на связи
2026-08-20 15:02:56,281 | INFO     | gate_system.pipeline | Номер собран по кадрам: Х002МС177
2026-08-20 15:02:56,289 | INFO     | gate_system.gate | Открытие ворот. Источник: auto
2026-08-20 15:02:56,289 | INFO     | gate_system.relay | StubRelay: импульс 500 мс (замыкание контактов)
2026-08-20 15:02:56,794 | INFO     | gate_system.gate | Ворота открыты (источник=auto)
2026-08-20 15:02:56,808 | INFO     | gate_system.events | 🚗 Ворота открыты — Х002МС177
2026-08-20 15:04:09,628 | WARNING  | gate_system.pipeline | Кадр не получен — переподключение к камере
2026-08-20 15:04:09,630 | WARNING  | gate_system.camera | Переподключение к камере через 1.0 с: /Users/artemfarniev2013/WebstormProjects/untitled20/car3.mp4
2026-08-20 15:04:09,630 | INFO     | gate_system.events | 📷 Камера не отвечает, пытаюсь переподключиться
2026-08-20 15:04:10,661 | INFO     | gate_system.camera | Камера подключена: /Users/artemfarniev2013/WebstormProjects/untitled20/car3.mp4
2026-08-20 15:04:10,661 | INFO     | gate_system.camera | Камера восстановлена
2026-08-20 15:04:10,661 | INFO     | gate_system.events | 📷 Камера снова на связи
2026-08-20 15:05:40,974 | WARNING  | gate_system.pipeline | Кадр не получен — переподключение к камере
2026-08-20 15:05:40,976 | WARNING  | gate_system.camera | Переподключение к камере через 1.0 с: /Users/artemfarniev2013/WebstormProjects/untitled20/car3.mp4
2026-08-20 15:05:40,976 | INFO     | gate_system.events | 📷 Камера не отвечает, пытаюсь переподключиться
2026-08-20 15:05:42,001 | INFO     | gate_system.camera | Камера подключена: /Users/artemfarniev2013/WebstormProjects/untitled20/car3.mp4
2026-08-20 15:05:42,001 | INFO     | gate_system.camera | Камера восстановлена
2026-08-20 15:05:42,001 | INFO     | gate_system.events | 📷 Камера снова на связи
2026-08-20 15:06:16,665 | INFO     | gate_system.pipeline | Номер собран по кадрам: Х002МС177
2026-08-20 15:06:16,674 | INFO     | gate_system.gate | Открытие ворот. Источник: auto
2026-08-20 15:06:16,674 | INFO     | gate_system.relay | StubRelay: импульс 500 мс (замыкание контактов)
2026-08-20 15:06:17,179 | INFO     | gate_system.gate | Ворота открыты (источник=auto)
2026-08-20 15:06:17,190 | INFO     | gate_system.events | 🚗 Ворота открыты — Х002МС177
2026-08-20 15:07:20,396 | WARNING  | gate_system.pipeline | Кадр не получен — переподключение к камере
2026-08-20 15:07:20,398 | WARNING  | gate_system.camera | Переподключение к камере через 1.0 с: /Users/artemfarniev2013/WebstormProjects/untitled20/car3.mp4
2026-08-20 15:07:20,398 | INFO     | gate_system.events | 📷 Камера не отвечает, пытаюсь переподключиться
2026-08-20 15:07:21,432 | INFO     | gate_system.camera | Камера подключена: /Users/artemfarniev2013/WebstormProjects/untitled20/car3.mp4
2026-08-20 15:07:21,433 | INFO     | gate_system.camera | Камера восстановлена
2026-08-20 15:07:21,433 | INFO     | gate_system.events | 📷 Камера снова на связи
2026-08-20 15:08:52,813 | WARNING  | gate_system.pipeline | Кадр не получен — переподключение к камере
2026-08-20 15:08:52,814 | WARNING  | gate_system.camera | Переподключение к камере через 1.0 с: /Users/artemfarniev2013/WebstormProjects/untitled20/car3.mp4
2026-08-20 15:08:52,814 | INFO     | gate_system.events | 📷 Камера не отвечает, пытаюсь переподключиться
2026-08-20 15:08:53,848 | INFO     | gate_system.camera | Камера подключена: /Users/artemfarniev2013/WebstormProjects/untitled20/car3.mp4
2026-08-20 15:08:53,848 | INFO     | gate_system.camera | Камера восстановлена
2026-08-20 15:08:53,848 | INFO     | gate_system.events | 📷 Камера снова на связи
2026-08-20 15:09:37,082 | INFO     | gate_system.pipeline | Номер собран по кадрам: Х002МС177
2026-08-20 15:09:37,089 | INFO     | gate_system.gate | Открытие ворот. Источник: auto
2026-08-20 15:09:37,089 | INFO     | gate_system.relay | StubRelay: импульс 500 мс (замыкание контактов)
2026-08-20 15:09:37,594 | INFO     | gate_system.gate | Ворота открыты (источник=auto)
2026-08-20 15:09:37,606 | INFO     | gate_system.events | 🚗 Ворота открыты — Х002МС177
2026-08-20 15:10:27,204 | WARNING  | gate_system.pipeline | Кадр не получен — переподключение к камере
2026-08-20 15:10:27,205 | WARNING  | gate_system.camera | Переподключение к камере через 1.0 с: /Users/artemfarniev2013/WebstormProjects/untitled20/car3.mp4
2026-08-20 15:10:27,205 | INFO     | gate_system.events | 📷 Камера не отвечает, пытаюсь переподключиться
2026-08-20 15:10:28,242 | INFO     | gate_system.camera | Камера подключена: /Users/artemfarniev2013/WebstormProjects/untitled20/car3.mp4
2026-08-20 15:10:28,242 | INFO     | gate_system.camera | Камера восстановлена
2026-08-20 15:10:28,242 | INFO     | gate_system.events | 📷 Камера снова на связи
2026-08-20 15:12:03,021 | WARNING  | gate_system.pipeline | Кадр не получен — переподключение к камере
2026-08-20 15:12:03,022 | WARNING  | gate_system.camera | Переподключение к камере через 1.0 с: /Users/artemfarniev2013/WebstormProjects/untitled20/car3.mp4
2026-08-20 15:12:03,022 | INFO     | gate_system.events | 📷 Камера не отвечает, пытаюсь переподключиться
2026-08-20 15:12:04,068 | INFO     | gate_system.camera | Камера подключена: /Users/artemfarniev2013/WebstormProjects/untitled20/car3.mp4
2026-08-20 15:12:04,068 | INFO     | gate_system.camera | Камера восстановлена
2026-08-20 15:12:04,069 | INFO     | gate_system.events | 📷 Камера снова на связи
2026-08-20 15:12:56,900 | INFO     | gate_system.network | NetworkMonitor остановлен
2026-08-20 15:12:56,900 | INFO     | gate_system.diagnostics | Самодиагностика остановлена
2026-08-20 15:12:56,900 | INFO     | gate_system.watchdog | Watchdog остановлен
2026-08-20 15:12:56,902 | INFO     | gate_system.main | Сервис 'network' остановлен
2026-08-20 15:12:56,903 | INFO     | gate_system.main | Сервис 'diagnostics' остановлен
2026-08-20 15:12:56,904 | INFO     | gate_system.main | Сервис 'watchdog' остановлен
2026-08-20 15:12:57,000 | INFO     | gate_system.camera | Камера закрыта
2026-08-20 15:12:57,000 | INFO     | gate_system.pipeline | Пайплайн распознавания остановлен
2026-08-20 15:12:57,000 | INFO     | gate_system.main | Сервис 'vision:camera' остановлен
2026-08-20 15:12:57,180 | INFO     | gate_system.main | Сервис 'telegram' остановлен
2026-08-20 15:12:57,180 | INFO     | gate_system.main | Все сервисы остановлены
2026-08-20 15:12:57,181 | INFO     | gate_system.events | ⏹️ Система остановлена
2026-08-20 15:12:57,182 | INFO     | gate_system.main | gate_system остановлен
2026-08-20 15:55:18,195 | INFO     | gate_system.main | Запуск gate_system (реле=stub, telegram=вкл)
2026-08-20 15:55:18,195 | INFO     | gate_system.events | ▶️ Система запущена
2026-08-20 15:55:18,412 | INFO     | gate_system.detector | Загрузка модели транспорта: models/yolov8n.pt
2026-08-20 15:55:19,456 | INFO     | gate_system.detector | Загрузка модели номеров: models/best.pt
2026-08-20 15:55:19,474 | INFO     | gate_system.ocr  | Движок OCR: Nomeroff-Net
2026-08-20 15:55:19,478 | INFO     | gate_system.main | Камера 'camera' (роль=entry, движение=False): /Users/artemfarniev2013/WebstormProjects/untitled20/car3.mp4
2026-08-20 15:55:19,479 | INFO     | gate_system.main | Сервис 'vision:camera' запущен
2026-08-20 15:55:19,479 | INFO     | gate_system.main | Сервис 'network' запущен
2026-08-20 15:55:19,479 | INFO     | gate_system.main | Сервис 'diagnostics' запущен
2026-08-20 15:55:19,479 | INFO     | gate_system.main | Сервис 'watchdog' запущен
2026-08-20 15:55:19,479 | INFO     | gate_system.main | Сервис 'telegram' запущен
2026-08-20 15:55:19,479 | INFO     | gate_system.network | NetworkMonitor запущен (интервал 10 с)
2026-08-20 15:55:19,479 | INFO     | gate_system.main | Запущены сервисы: vision:camera, network, diagnostics, watchdog, telegram
2026-08-20 15:55:19,479 | INFO     | gate_system.diagnostics | Самодиагностика запущена (интервал 60 с)
2026-08-20 15:55:19,479 | INFO     | gate_system.watchdog | Watchdog запущен (таймаут 120 с)
2026-08-20 15:55:19,480 | INFO     | gate_system.network | Интернет доступен
2026-08-20 15:55:19,480 | INFO     | gate_system.events | 🌐 Интернет появился
2026-08-20 15:55:19,495 | WARNING  | gate_system.diagnostics | Диагностика: камера не отвечает
2026-08-20 15:55:19,502 | INFO     | gate_system.camera | Камера подключена: /Users/artemfarniev2013/WebstormProjects/untitled20/car3.mp4
2026-08-20 15:55:19,502 | INFO     | gate_system.pipeline | Пайплайн распознавания запущен
2026-08-20 15:55:19,667 | INFO     | gate_system.telegram | Telegram-бот запущен
2026-08-20 15:55:20,277 | INFO     | gate_system.pipeline | Обнаружен номер — активный режим (частая обработка)
2026-08-20 15:55:21,808 | INFO     | gate_system.ocr.nomeroff | Загрузчик моделей Nomeroff заменён на устойчивый (с докачкой)
2026-08-20 15:55:21,808 | INFO     | gate_system.ocr.nomeroff | Загрузка пайплайна Nomeroff-Net: number_plate_detection_and_reading
2026-08-20 15:55:41,541 | INFO     | gate_system.pipeline | Номер собран по кадрам: Х002МС177
2026-08-20 15:55:41,550 | INFO     | gate_system.gate | Открытие ворот. Источник: auto
2026-08-20 15:55:41,550 | INFO     | gate_system.relay | StubRelay: импульс 500 мс (замыкание контактов)
2026-08-20 15:55:42,055 | INFO     | gate_system.gate | Ворота открыты (источник=auto)
2026-08-20 15:55:42,080 | INFO     | gate_system.events | 🚗 Ворота открыты — Х002МС177
2026-08-20 15:56:17,598 | INFO     | gate_system.diagnostics | Самодиагностика остановлена
2026-08-20 15:56:17,599 | INFO     | gate_system.watchdog | Watchdog остановлен
2026-08-20 15:56:17,599 | INFO     | gate_system.network | NetworkMonitor остановлен
2026-08-20 15:56:17,607 | INFO     | gate_system.main | Сервис 'network' остановлен
2026-08-20 15:56:17,606 | INFO     | gate_system.main | Сервис 'watchdog' остановлен
2026-08-20 15:56:17,600 | INFO     | gate_system.main | Сервис 'diagnostics' остановлен
2026-08-20 15:56:18,250 | INFO     | gate_system.main | Сервис 'telegram' остановлен
2026-08-20 15:56:19,044 | INFO     | gate_system.camera | Камера закрыта
2026-08-20 15:56:19,044 | INFO     | gate_system.pipeline | Пайплайн распознавания остановлен
2026-08-20 15:56:19,044 | INFO     | gate_system.main | Сервис 'vision:camera' остановлен
2026-08-20 15:56:19,045 | INFO     | gate_system.main | Все сервисы остановлены
2026-08-20 15:56:19,045 | INFO     | gate_system.events | ⏹️ Система остановлена
2026-08-20 15:56:19,045 | INFO     | gate_system.main | gate_system остановлен
2026-09-02 10:28:04,246 | INFO     | gate_system.main | Запуск gate_system (реле=stub, telegram=вкл)
2026-09-02 10:28:04,247 | INFO     | gate_system.events | ▶️ Система запущена
2026-09-02 10:28:05,781 | INFO     | gate_system.detector | Загрузка модели транспорта: models/yolov8n.pt
2026-09-02 10:28:09,723 | INFO     | gate_system.detector | Загрузка модели номеров: models/best.pt
2026-09-02 10:28:09,750 | INFO     | gate_system.ocr  | Движок OCR: Nomeroff-Net
2026-09-02 10:28:09,754 | INFO     | gate_system.main | Камера 'camera' (роль=entry, движение=False): /Users/artemfarniev2013/WebstormProjects/untitled20/car3.mp4
2026-09-02 10:28:09,754 | INFO     | gate_system.main | Сервис 'vision:camera' запущен
2026-09-02 10:28:09,754 | INFO     | gate_system.main | Сервис 'network' запущен
2026-09-02 10:28:09,754 | INFO     | gate_system.main | Сервис 'diagnostics' запущен
2026-09-02 10:28:09,754 | INFO     | gate_system.main | Сервис 'watchdog' запущен
2026-09-02 10:28:09,754 | INFO     | gate_system.network | NetworkMonitor запущен (интервал 10 с)
2026-09-02 10:28:09,754 | INFO     | gate_system.main | Сервис 'telegram' запущен
2026-09-02 10:28:09,754 | INFO     | gate_system.main | Запущены сервисы: vision:camera, network, diagnostics, watchdog, telegram
2026-09-02 10:28:09,754 | INFO     | gate_system.diagnostics | Самодиагностика запущена (интервал 60 с)
2026-09-02 10:28:09,754 | INFO     | gate_system.watchdog | Watchdog запущен (таймаут 120 с)
2026-09-02 10:28:09,755 | INFO     | gate_system.network | Интернет доступен
2026-09-02 10:28:09,755 | INFO     | gate_system.events | 🌐 Интернет появился
2026-09-02 10:28:09,773 | INFO     | gate_system.camera | Камера подключена: /Users/artemfarniev2013/WebstormProjects/untitled20/car3.mp4
2026-09-02 10:28:09,773 | INFO     | gate_system.pipeline | Пайплайн распознавания запущен
2026-09-02 10:28:09,788 | WARNING  | gate_system.diagnostics | Диагностика: камера не отвечает
2026-09-02 10:28:10,083 | INFO     | gate_system.telegram | Telegram-бот запущен
2026-09-02 10:28:10,731 | INFO     | gate_system.pipeline | Обнаружен номер — активный режим (частая обработка)
2026-09-02 10:28:13,252 | INFO     | gate_system.ocr.nomeroff | Загрузчик моделей Nomeroff заменён на устойчивый (с докачкой)
2026-09-02 10:28:13,252 | INFO     | gate_system.ocr.nomeroff | Загрузка пайплайна Nomeroff-Net: number_plate_detection_and_reading
2026-09-02 10:28:15,316 | INFO     | gate_system.network | NetworkMonitor остановлен
2026-09-02 10:28:15,316 | INFO     | gate_system.diagnostics | Самодиагностика остановлена
2026-09-02 10:28:15,316 | INFO     | gate_system.watchdog | Watchdog остановлен
2026-09-02 10:28:15,317 | INFO     | gate_system.main | Сервис 'network' остановлен
2026-09-02 10:28:15,317 | INFO     | gate_system.main | Сервис 'diagnostics' остановлен
2026-09-02 10:28:15,317 | INFO     | gate_system.main | Сервис 'watchdog' остановлен
2026-09-02 10:28:20,321 | ERROR    | telegram.ext.Updater | Error while calling `get_updates` one more time to mark all fetched updates as read: %s. Suppressing error to ensure graceful shutdown. When polling for updates is restarted, updates may be fetched again. Please adjust timeouts via `ApplicationBuilder` or the parameter `get_updates_request` of `Bot`.
Traceback (most recent call last):
  File "/Users/artemfarniev2013/WebstormProjects/untitled20/gate_system/.venv312/lib/python3.12/site-packages/httpx/_transports/default.py", line 72, in map_httpcore_exceptions
    yield
  File "/Users/artemfarniev2013/WebstormProjects/untitled20/gate_system/.venv312/lib/python3.12/site-packages/httpx/_transports/default.py", line 377, in handle_async_request
    resp = await self._pool.handle_async_request(req)
           ^^^^^^^^^^^^^^^^^^^^^^^^^^^^^^^^^^^^^^^^^^
  File "/Users/artemfarniev2013/WebstormProjects/untitled20/gate_system/.venv312/lib/python3.12/site-packages/httpcore/_async/connection_pool.py", line 256, in handle_async_request
    raise exc from None
  File "/Users/artemfarniev2013/WebstormProjects/untitled20/gate_system/.venv312/lib/python3.12/site-packages/httpcore/_async/connection_pool.py", line 236, in handle_async_request
    response = await connection.handle_async_request(
               ^^^^^^^^^^^^^^^^^^^^^^^^^^^^^^^^^^^^^^
  File "/Users/artemfarniev2013/WebstormProjects/untitled20/gate_system/.venv312/lib/python3.12/site-packages/httpcore/_async/connection.py", line 101, in handle_async_request
    raise exc
  File "/Users/artemfarniev2013/WebstormProjects/untitled20/gate_system/.venv312/lib/python3.12/site-packages/httpcore/_async/connection.py", line 78, in handle_async_request
    stream = await self._connect(request)
             ^^^^^^^^^^^^^^^^^^^^^^^^^^^^
  File "/Users/artemfarniev2013/WebstormProjects/untitled20/gate_system/.venv312/lib/python3.12/site-packages/httpcore/_async/connection.py", line 156, in _connect
    stream = await stream.start_tls(**kwargs)
             ^^^^^^^^^^^^^^^^^^^^^^^^^^^^^^^^
  File "/Users/artemfarniev2013/WebstormProjects/untitled20/gate_system/.venv312/lib/python3.12/site-packages/httpcore/_backends/anyio.py", line 67, in start_tls
    with map_exceptions(exc_map):
  File "/Library/Frameworks/Python.framework/Versions/3.12/lib/python3.12/contextlib.py", line 158, in __exit__
    self.gen.throw(value)
  File "/Users/artemfarniev2013/WebstormProjects/untitled20/gate_system/.venv312/lib/python3.12/site-packages/httpcore/_exceptions.py", line 14, in map_exceptions
    raise to_exc(exc) from exc
httpcore.ConnectTimeout

The above exception was the direct cause of the following exception:

Traceback (most recent call last):
  File "/Users/artemfarniev2013/WebstormProjects/untitled20/gate_system/.venv312/lib/python3.12/site-packages/telegram/request/_httpxrequest.py", line 292, in do_request
    res = await self._client.request(
          ^^^^^^^^^^^^^^^^^^^^^^^^^^^
  File "/Users/artemfarniev2013/WebstormProjects/untitled20/gate_system/.venv312/lib/python3.12/site-packages/httpx/_client.py", line 1585, in request
    return await self.send(request, auth=auth, follow_redirects=follow_redirects)
           ^^^^^^^^^^^^^^^^^^^^^^^^^^^^^^^^^^^^^^^^^^^^^^^^^^^^^^^^^^^^^^^^^^^^^^
  File "/Users/artemfarniev2013/WebstormProjects/untitled20/gate_system/.venv312/lib/python3.12/site-packages/httpx/_client.py", line 1674, in send
    response = await self._send_handling_auth(
               ^^^^^^^^^^^^^^^^^^^^^^^^^^^^^^^
  File "/Users/artemfarniev2013/WebstormProjects/untitled20/gate_system/.venv312/lib/python3.12/site-packages/httpx/_client.py", line 1702, in _send_handling_auth
    response = await self._send_handling_redirects(
               ^^^^^^^^^^^^^^^^^^^^^^^^^^^^^^^^^^^^
  File "/Users/artemfarniev2013/WebstormProjects/untitled20/gate_system/.venv312/lib/python3.12/site-packages/httpx/_client.py", line 1739, in _send_handling_redirects
    response = await self._send_single_request(request)
               ^^^^^^^^^^^^^^^^^^^^^^^^^^^^^^^^^^^^^^^^
  File "/Users/artemfarniev2013/WebstormProjects/untitled20/gate_system/.venv312/lib/python3.12/site-packages/httpx/_client.py", line 1776, in _send_single_request
    response = await transport.handle_async_request(request)
               ^^^^^^^^^^^^^^^^^^^^^^^^^^^^^^^^^^^^^^^^^^^^^
  File "/Users/artemfarniev2013/WebstormProjects/untitled20/gate_system/.venv312/lib/python3.12/site-packages/httpx/_transports/default.py", line 376, in handle_async_request
    with map_httpcore_exceptions():
  File "/Library/Frameworks/Python.framework/Versions/3.12/lib/python3.12/contextlib.py", line 158, in __exit__
    self.gen.throw(value)
  File "/Users/artemfarniev2013/WebstormProjects/untitled20/gate_system/.venv312/lib/python3.12/site-packages/httpx/_transports/default.py", line 89, in map_httpcore_exceptions
    raise mapped_exc(message) from exc
httpx.ConnectTimeout

The above exception was the direct cause of the following exception:

Traceback (most recent call last):
  File "/Users/artemfarniev2013/WebstormProjects/untitled20/gate_system/.venv312/lib/python3.12/site-packages/telegram/ext/_updater.py", line 438, in _get_updates_cleanup
    await self.bot.get_updates(
  File "/Users/artemfarniev2013/WebstormProjects/untitled20/gate_system/.venv312/lib/python3.12/site-packages/telegram/ext/_extbot.py", line 649, in get_updates
    updates = await super().get_updates(
              ^^^^^^^^^^^^^^^^^^^^^^^^^^
  File "/Users/artemfarniev2013/WebstormProjects/untitled20/gate_system/.venv312/lib/python3.12/site-packages/telegram/_bot.py", line 4366, in get_updates
    await self._post(
  File "/Users/artemfarniev2013/WebstormProjects/untitled20/gate_system/.venv312/lib/python3.12/site-packages/telegram/_bot.py", line 623, in _post
    return await self._do_post(
           ^^^^^^^^^^^^^^^^^^^^
  File "/Users/artemfarniev2013/WebstormProjects/untitled20/gate_system/.venv312/lib/python3.12/site-packages/telegram/ext/_extbot.py", line 355, in _do_post
    return await super()._do_post(
           ^^^^^^^^^^^^^^^^^^^^^^^
  File "/Users/artemfarniev2013/WebstormProjects/untitled20/gate_system/.venv312/lib/python3.12/site-packages/telegram/_bot.py", line 652, in _do_post
    result = await request.post(
             ^^^^^^^^^^^^^^^^^^^
  File "/Users/artemfarniev2013/WebstormProjects/untitled20/gate_system/.venv312/lib/python3.12/site-packages/telegram/request/_baserequest.py", line 201, in post
    result = await self._request_wrapper(
             ^^^^^^^^^^^^^^^^^^^^^^^^^^^^
  File "/Users/artemfarniev2013/WebstormProjects/untitled20/gate_system/.venv312/lib/python3.12/site-packages/telegram/request/_baserequest.py", line 333, in _request_wrapper
    code, payload = await self.do_request(
                    ^^^^^^^^^^^^^^^^^^^^^^
  File "/Users/artemfarniev2013/WebstormProjects/untitled20/gate_system/.venv312/lib/python3.12/site-packages/telegram/request/_httpxrequest.py", line 309, in do_request
    raise TimedOut from err
telegram.error.TimedOut: Timed out
2026-09-02 10:28:20,328 | INFO     | gate_system.main | Сервис 'telegram' остановлен
2026-09-02 10:28:20,328 | INFO     | gate_system.main | Все сервисы остановлены
2026-09-02 10:28:20,328 | INFO     | gate_system.events | ⏹️ Система остановлена
2026-09-02 10:28:20,329 | INFO     | gate_system.main | gate_system остановлен
2026-10-01 15:24:54,131 | INFO     | gate_system.main | Запуск gate_system (реле=stub, telegram=вкл)
2026-10-01 15:24:54,132 | INFO     | gate_system.events | ▶️ Система запущена
2026-10-01 15:24:54,154 | CRITICAL | root             | Необработанное исключение
Traceback (most recent call last):
  File "/Users/artemfarniev2013/WebstormProjects/untitled20/gate_system/main.py", line 363, in <module>
    main()
    ~~~~^^
  File "/Users/artemfarniev2013/WebstormProjects/untitled20/gate_system/main.py", line 356, in main
    app = build_app(cfg)
  File "/Users/artemfarniev2013/WebstormProjects/untitled20/gate_system/main.py", line 211, in build_app
    from camera import RTSPCamera
  File "/Users/artemfarniev2013/WebstormProjects/untitled20/gate_system/camera.py", line 19, in <module>
    import cv2
ModuleNotFoundError: No module named 'cv2'
2026-10-01 15:30:35,628 | INFO     | gate_system.main | Запуск gate_system (реле=stub, telegram=вкл)
2026-10-01 15:30:35,628 | INFO     | gate_system.events | ▶️ Система запущена
2026-10-01 15:30:53,841 | INFO     | gate_system.detector | Загрузка модели транспорта: models/yolov8n.pt
2026-10-01 15:31:03,604 | INFO     | gate_system.detector | Загрузка модели номеров: models/best.pt
2026-10-01 15:31:03,624 | INFO     | gate_system.ocr  | Движок OCR: Nomeroff-Net
2026-10-01 15:31:03,634 | INFO     | gate_system.main | Камера 'camera' (роль=entry, движение=False): /Users/artemfarniev2013/WebstormProjects/untitled20/car3.mp4
2026-10-01 15:31:03,634 | INFO     | gate_system.main | Сервис 'vision:camera' запущен
2026-10-01 15:31:03,634 | INFO     | gate_system.main | Сервис 'network' запущен
2026-10-01 15:31:03,634 | INFO     | gate_system.main | Сервис 'diagnostics' запущен
2026-10-01 15:31:03,634 | INFO     | gate_system.main | Сервис 'watchdog' запущен
2026-10-01 15:31:03,634 | INFO     | gate_system.network | NetworkMonitor запущен (интервал 10 с)
2026-10-01 15:31:03,634 | INFO     | gate_system.main | Сервис 'telegram' запущен
2026-10-01 15:31:03,634 | INFO     | gate_system.diagnostics | Самодиагностика запущена (интервал 60 с)
2026-10-01 15:31:03,634 | INFO     | gate_system.watchdog | Watchdog запущен (таймаут 120 с)
2026-10-01 15:31:03,634 | INFO     | gate_system.main | Запущены сервисы: vision:camera, network, diagnostics, watchdog, telegram
2026-10-01 15:31:03,635 | INFO     | gate_system.network | Интернет доступен
2026-10-01 15:31:03,635 | INFO     | gate_system.events | 🌐 Интернет появился
2026-10-01 15:31:03,836 | INFO     | gate_system.camera | Камера подключена: /Users/artemfarniev2013/WebstormProjects/untitled20/car3.mp4
2026-10-01 15:31:04,007 | INFO     | gate_system.pipeline | Пайплайн распознавания запущен
2026-10-01 15:31:04,009 | WARNING  | gate_system.diagnostics | Диагностика: камера не отвечает
2026-10-01 15:31:04,854 | INFO     | gate_system.telegram | Telegram-бот запущен
2026-10-01 15:31:06,708 | INFO     | gate_system.pipeline | Обнаружен номер — активный режим (частая обработка)
2026-10-01 15:31:26,483 | ERROR    | gate_system.ocr.nomeroff | Не удалось загрузить Nomeroff-Net (проверьте загрузку моделей)
2026-10-01 15:31:26,483 | ERROR    | gate_system.ocr.nomeroff | Ошибка Nomeroff-Net при распознавании
Traceback (most recent call last):
  File "/Users/artemfarniev2013/WebstormProjects/untitled20/gate_system/nomeroff_ocr.py", line 199, in read_text
    candidates = self._recognizer(plate_image)
  File "/Users/artemfarniev2013/WebstormProjects/untitled20/gate_system/nomeroff_ocr.py", line 151, in __call__
    self._ensure_loaded()
    ~~~~~~~~~~~~~~~~~~~^^
  File "/Users/artemfarniev2013/WebstormProjects/untitled20/gate_system/nomeroff_ocr.py", line 133, in _ensure_loaded
    from nomeroff_net import pipeline  # тяжёлый импорт
    ^^^^^^^^^^^^^^^^^^^^^^^^^^^^^^^^^
  File "/Users/artemfarniev2013/WebstormProjects/untitled20/gate_system/venv/lib/python3.14/site-packages/nomeroff_net/__init__.py", line 1, in <module>
    from nomeroff_net.pipes.number_plate_text_readers.text_detector import TextDetector
  File "/Users/artemfarniev2013/WebstormProjects/untitled20/gate_system/venv/lib/python3.14/site-packages/nomeroff_net/pipes/number_plate_text_readers/text_detector.py", line 7, in <module>
    from .base.ocr import OCR, device_torch
  File "/Users/artemfarniev2013/WebstormProjects/untitled20/gate_system/venv/lib/python3.14/site-packages/nomeroff_net/pipes/number_plate_text_readers/base/ocr.py", line 10, in <module>
    import pytorch_lightning as pl
  File "/Users/artemfarniev2013/WebstormProjects/untitled20/gate_system/venv/lib/python3.14/site-packages/pytorch_lightning/__init__.py", line 45, in <module>
    __import__("pkg_resources").declare_namespace(__name__)
    ~~~~~~~~~~^^^^^^^^^^^^^^^^^
ModuleNotFoundError: No module named 'pkg_resources'
2026-10-01 15:31:28,562 | WARNING  | gate_system.pipeline | Кадр не получен — переподключение к камере
2026-10-01 15:31:28,563 | WARNING  | gate_system.camera | Переподключение к камере через 1.0 с: /Users/artemfarniev2013/WebstormProjects/untitled20/car3.mp4
2026-10-01 15:31:28,563 | INFO     | gate_system.events | 📷 Камера не отвечает, пытаюсь переподключиться
2026-10-01 15:31:29,587 | INFO     | gate_system.camera | Камера подключена: /Users/artemfarniev2013/WebstormProjects/untitled20/car3.mp4
2026-10-01 15:31:29,587 | INFO     | gate_system.camera | Камера восстановлена
2026-10-01 15:31:29,587 | INFO     | gate_system.events | 📷 Камера снова на связи
2026-10-01 15:31:31,958 | WARNING  | gate_system.pipeline | Кадр не получен — переподключение к камере
2026-10-01 15:31:31,958 | WARNING  | gate_system.camera | Переподключение к камере через 1.0 с: /Users/artemfarniev2013/WebstormProjects/untitled20/car3.mp4
2026-10-01 15:31:31,958 | INFO     | gate_system.events | 📷 Камера не отвечает, пытаюсь переподключиться
2026-10-01 15:31:32,977 | INFO     | gate_system.camera | Камера подключена: /Users/artemfarniev2013/WebstormProjects/untitled20/car3.mp4
2026-10-01 15:31:32,979 | INFO     | gate_system.camera | Камера восстановлена
2026-10-01 15:31:32,979 | INFO     | gate_system.events | 📷 Камера снова на связи
2026-10-01 15:31:35,316 | WARNING  | gate_system.pipeline | Кадр не получен — переподключение к камере
2026-10-01 15:31:35,316 | WARNING  | gate_system.camera | Переподключение к камере через 1.0 с: /Users/artemfarniev2013/WebstormProjects/untitled20/car3.mp4
2026-10-01 15:31:35,316 | INFO     | gate_system.events | 📷 Камера не отвечает, пытаюсь переподключиться
2026-10-01 15:31:36,338 | INFO     | gate_system.camera | Камера подключена: /Users/artemfarniev2013/WebstormProjects/untitled20/car3.mp4
2026-10-01 15:31:36,338 | INFO     | gate_system.camera | Камера восстановлена
2026-10-01 15:31:36,338 | INFO     | gate_system.events | 📷 Камера снова на связи
2026-10-01 15:31:38,650 | WARNING  | gate_system.pipeline | Кадр не получен — переподключение к камере
2026-10-01 15:31:38,650 | WARNING  | gate_system.camera | Переподключение к камере через 1.0 с: /Users/artemfarniev2013/WebstormProjects/untitled20/car3.mp4
2026-10-01 15:31:38,650 | INFO     | gate_system.events | 📷 Камера не отвечает, пытаюсь переподключиться
2026-10-01 15:31:39,665 | INFO     | gate_system.camera | Камера подключена: /Users/artemfarniev2013/WebstormProjects/untitled20/car3.mp4
2026-10-01 15:31:39,665 | INFO     | gate_system.camera | Камера восстановлена
2026-10-01 15:31:39,665 | INFO     | gate_system.events | 📷 Камера снова на связи
2026-10-01 15:31:42,175 | WARNING  | gate_system.pipeline | Кадр не получен — переподключение к камере
2026-10-01 15:31:42,175 | WARNING  | gate_system.camera | Переподключение к камере через 1.0 с: /Users/artemfarniev2013/WebstormProjects/untitled20/car3.mp4
2026-10-01 15:31:42,176 | INFO     | gate_system.events | 📷 Камера не отвечает, пытаюсь переподключиться
2026-10-01 15:31:43,197 | INFO     | gate_system.camera | Камера подключена: /Users/artemfarniev2013/WebstormProjects/untitled20/car3.mp4
2026-10-01 15:31:43,197 | INFO     | gate_system.camera | Камера восстановлена
2026-10-01 15:31:43,197 | INFO     | gate_system.events | 📷 Камера снова на связи
2026-10-01 15:31:45,635 | WARNING  | gate_system.pipeline | Кадр не получен — переподключение к камере
2026-10-01 15:31:45,635 | WARNING  | gate_system.camera | Переподключение к камере через 1.0 с: /Users/artemfarniev2013/WebstormProjects/untitled20/car3.mp4
2026-10-01 15:31:45,635 | INFO     | gate_system.events | 📷 Камера не отвечает, пытаюсь переподключиться
2026-10-01 15:31:46,654 | INFO     | gate_system.camera | Камера подключена: /Users/artemfarniev2013/WebstormProjects/untitled20/car3.mp4
2026-10-01 15:31:46,654 | INFO     | gate_system.camera | Камера восстановлена
2026-10-01 15:31:46,655 | INFO     | gate_system.events | 📷 Камера снова на связи
2026-10-01 15:31:49,053 | WARNING  | gate_system.pipeline | Кадр не получен — переподключение к камере
2026-10-01 15:31:49,053 | WARNING  | gate_system.camera | Переподключение к камере через 1.0 с: /Users/artemfarniev2013/WebstormProjects/untitled20/car3.mp4
2026-10-01 15:31:49,053 | INFO     | gate_system.events | 📷 Камера не отвечает, пытаюсь переподключиться
2026-10-01 15:31:50,067 | INFO     | gate_system.camera | Камера подключена: /Users/artemfarniev2013/WebstormProjects/untitled20/car3.mp4
2026-10-01 15:31:50,068 | INFO     | gate_system.camera | Камера восстановлена
2026-10-01 15:31:50,068 | INFO     | gate_system.events | 📷 Камера снова на связи
2026-10-01 15:31:52,461 | WARNING  | gate_system.pipeline | Кадр не получен — переподключение к камере
2026-10-01 15:31:52,461 | WARNING  | gate_system.camera | Переподключение к камере через 1.0 с: /Users/artemfarniev2013/WebstormProjects/untitled20/car3.mp4
2026-10-01 15:31:52,461 | INFO     | gate_system.events | 📷 Камера не отвечает, пытаюсь переподключиться
2026-10-01 15:31:53,482 | INFO     | gate_system.camera | Камера подключена: /Users/artemfarniev2013/WebstormProjects/untitled20/car3.mp4
2026-10-01 15:31:53,483 | INFO     | gate_system.camera | Камера восстановлена
2026-10-01 15:31:53,483 | INFO     | gate_system.events | 📷 Камера снова на связи
2026-10-01 15:31:55,801 | WARNING  | gate_system.pipeline | Кадр не получен — переподключение к камере
2026-10-01 15:31:55,801 | WARNING  | gate_system.camera | Переподключение к камере через 1.0 с: /Users/artemfarniev2013/WebstormProjects/untitled20/car3.mp4
2026-10-01 15:31:55,801 | INFO     | gate_system.events | 📷 Камера не отвечает, пытаюсь переподключиться
2026-10-01 15:31:56,824 | INFO     | gate_system.camera | Камера подключена: /Users/artemfarniev2013/WebstormProjects/untitled20/car3.mp4
2026-10-01 15:31:56,826 | INFO     | gate_system.camera | Камера восстановлена
2026-10-01 15:31:56,826 | INFO     | gate_system.events | 📷 Камера снова на связи
2026-10-01 15:31:59,182 | WARNING  | gate_system.pipeline | Кадр не получен — переподключение к камере
2026-10-01 15:31:59,182 | WARNING  | gate_system.camera | Переподключение к камере через 1.0 с: /Users/artemfarniev2013/WebstormProjects/untitled20/car3.mp4
2026-10-01 15:31:59,182 | INFO     | gate_system.events | 📷 Камера не отвечает, пытаюсь переподключиться
2026-10-01 15:32:00,204 | INFO     | gate_system.camera | Камера подключена: /Users/artemfarniev2013/WebstormProjects/untitled20/car3.mp4
2026-10-01 15:32:00,204 | INFO     | gate_system.camera | Камера восстановлена
2026-10-01 15:32:00,204 | INFO     | gate_system.events | 📷 Камера снова на связи
2026-10-01 15:32:02,581 | WARNING  | gate_system.pipeline | Кадр не получен — переподключение к камере
2026-10-01 15:32:02,581 | WARNING  | gate_system.camera | Переподключение к камере через 1.0 с: /Users/artemfarniev2013/WebstormProjects/untitled20/car3.mp4
2026-10-01 15:32:02,581 | INFO     | gate_system.events | 📷 Камера не отвечает, пытаюсь переподключиться
2026-10-01 15:32:03,603 | INFO     | gate_system.camera | Камера подключена: /Users/artemfarniev2013/WebstormProjects/untitled20/car3.mp4
2026-10-01 15:32:03,603 | INFO     | gate_system.camera | Камера восстановлена
2026-10-01 15:32:03,604 | INFO     | gate_system.events | 📷 Камера снова на связи
2026-10-01 15:32:05,954 | WARNING  | gate_system.pipeline | Кадр не получен — переподключение к камере
2026-10-01 15:32:05,954 | WARNING  | gate_system.camera | Переподключение к камере через 1.0 с: /Users/artemfarniev2013/WebstormProjects/untitled20/car3.mp4
2026-10-01 15:32:05,954 | INFO     | gate_system.events | 📷 Камера не отвечает, пытаюсь переподключиться
2026-10-01 15:32:06,976 | INFO     | gate_system.camera | Камера подключена: /Users/artemfarniev2013/WebstormProjects/untitled20/car3.mp4
2026-10-01 15:32:06,977 | INFO     | gate_system.camera | Камера восстановлена
2026-10-01 15:32:06,977 | INFO     | gate_system.events | 📷 Камера снова на связи
2026-10-01 15:32:09,383 | WARNING  | gate_system.pipeline | Кадр не получен — переподключение к камере
2026-10-01 15:32:09,383 | WARNING  | gate_system.camera | Переподключение к камере через 1.0 с: /Users/artemfarniev2013/WebstormProjects/untitled20/car3.mp4
2026-10-01 15:32:09,383 | INFO     | gate_system.events | 📷 Камера не отвечает, пытаюсь переподключиться
2026-10-01 15:32:10,413 | INFO     | gate_system.camera | Камера подключена: /Users/artemfarniev2013/WebstormProjects/untitled20/car3.mp4
2026-10-01 15:32:10,413 | INFO     | gate_system.camera | Камера восстановлена
2026-10-01 15:32:10,413 | INFO     | gate_system.events | 📷 Камера снова на связи
2026-10-01 15:32:12,763 | WARNING  | gate_system.pipeline | Кадр не получен — переподключение к камере
2026-10-01 15:32:12,763 | WARNING  | gate_system.camera | Переподключение к камере через 1.0 с: /Users/artemfarniev2013/WebstormProjects/untitled20/car3.mp4
2026-10-01 15:32:12,763 | INFO     | gate_system.events | 📷 Камера не отвечает, пытаюсь переподключиться
2026-10-01 15:32:13,785 | INFO     | gate_system.camera | Камера подключена: /Users/artemfarniev2013/WebstormProjects/untitled20/car3.mp4
2026-10-01 15:32:13,785 | INFO     | gate_system.camera | Камера восстановлена
2026-10-01 15:32:13,785 | INFO     | gate_system.events | 📷 Камера снова на связи
2026-10-01 15:32:16,181 | WARNING  | gate_system.pipeline | Кадр не получен — переподключение к камере
2026-10-01 15:32:16,181 | WARNING  | gate_system.camera | Переподключение к камере через 1.0 с: /Users/artemfarniev2013/WebstormProjects/untitled20/car3.mp4
2026-10-01 15:32:16,181 | INFO     | gate_system.events | 📷 Камера не отвечает, пытаюсь переподключиться
2026-10-01 15:32:17,206 | INFO     | gate_system.camera | Камера подключена: /Users/artemfarniev2013/WebstormProjects/untitled20/car3.mp4
2026-10-01 15:32:17,206 | INFO     | gate_system.camera | Камера восстановлена
2026-10-01 15:32:17,207 | INFO     | gate_system.events | 📷 Камера снова на связи
2026-10-01 15:32:19,556 | WARNING  | gate_system.pipeline | Кадр не получен — переподключение к камере
2026-10-01 15:32:19,556 | WARNING  | gate_system.camera | Переподключение к камере через 1.0 с: /Users/artemfarniev2013/WebstormProjects/untitled20/car3.mp4
2026-10-01 15:32:19,556 | INFO     | gate_system.events | 📷 Камера не отвечает, пытаюсь переподключиться
2026-10-01 15:32:20,576 | INFO     | gate_system.camera | Камера подключена: /Users/artemfarniev2013/WebstormProjects/untitled20/car3.mp4
2026-10-01 15:32:20,577 | INFO     | gate_system.camera | Камера восстановлена
2026-10-01 15:32:20,578 | INFO     | gate_system.events | 📷 Камера снова на связи
2026-10-01 15:32:23,132 | WARNING  | gate_system.pipeline | Кадр не получен — переподключение к камере
2026-10-01 15:32:23,133 | WARNING  | gate_system.camera | Переподключение к камере через 1.0 с: /Users/artemfarniev2013/WebstormProjects/untitled20/car3.mp4
2026-10-01 15:32:23,133 | INFO     | gate_system.events | 📷 Камера не отвечает, пытаюсь переподключиться
2026-10-01 15:32:24,150 | INFO     | gate_system.camera | Камера подключена: /Users/artemfarniev2013/WebstormProjects/untitled20/car3.mp4
2026-10-01 15:32:24,150 | INFO     | gate_system.camera | Камера восстановлена
2026-10-01 15:32:24,150 | INFO     | gate_system.events | 📷 Камера снова на связи
2026-10-01 15:32:26,548 | WARNING  | gate_system.pipeline | Кадр не получен — переподключение к камере
2026-10-01 15:32:26,548 | WARNING  | gate_system.camera | Переподключение к камере через 1.0 с: /Users/artemfarniev2013/WebstormProjects/untitled20/car3.mp4
2026-10-01 15:32:26,548 | INFO     | gate_system.events | 📷 Камера не отвечает, пытаюсь переподключиться
2026-10-01 15:32:27,566 | INFO     | gate_system.camera | Камера подключена: /Users/artemfarniev2013/WebstormProjects/untitled20/car3.mp4
2026-10-01 15:32:27,566 | INFO     | gate_system.camera | Камера восстановлена
2026-10-01 15:32:27,566 | INFO     | gate_system.events | 📷 Камера снова на связи
2026-10-01 15:32:29,989 | WARNING  | gate_system.pipeline | Кадр не получен — переподключение к камере
2026-10-01 15:32:29,989 | WARNING  | gate_system.camera | Переподключение к камере через 1.0 с: /Users/artemfarniev2013/WebstormProjects/untitled20/car3.mp4
2026-10-01 15:32:29,989 | INFO     | gate_system.events | 📷 Камера не отвечает, пытаюсь переподключиться
2026-10-01 15:32:31,008 | INFO     | gate_system.camera | Камера подключена: /Users/artemfarniev2013/WebstormProjects/untitled20/car3.mp4
2026-10-01 15:32:31,008 | INFO     | gate_system.camera | Камера восстановлена
2026-10-01 15:32:31,008 | INFO     | gate_system.events | 📷 Камера снова на связи
2026-10-01 15:32:33,453 | WARNING  | gate_system.pipeline | Кадр не получен — переподключение к камере
2026-10-01 15:32:33,453 | WARNING  | gate_system.camera | Переподключение к камере через 1.0 с: /Users/artemfarniev2013/WebstormProjects/untitled20/car3.mp4
2026-10-01 15:32:33,453 | INFO     | gate_system.events | 📷 Камера не отвечает, пытаюсь переподключиться
2026-10-01 15:32:34,471 | INFO     | gate_system.camera | Камера подключена: /Users/artemfarniev2013/WebstormProjects/untitled20/car3.mp4
2026-10-01 15:32:34,471 | INFO     | gate_system.camera | Камера восстановлена
2026-10-01 15:32:34,471 | INFO     | gate_system.events | 📷 Камера снова на связи
2026-10-01 15:32:36,945 | WARNING  | gate_system.pipeline | Кадр не получен — переподключение к камере
2026-10-01 15:32:36,945 | WARNING  | gate_system.camera | Переподключение к камере через 1.0 с: /Users/artemfarniev2013/WebstormProjects/untitled20/car3.mp4
2026-10-01 15:32:36,945 | INFO     | gate_system.events | 📷 Камера не отвечает, пытаюсь переподключиться
2026-10-01 15:32:37,962 | INFO     | gate_system.camera | Камера подключена: /Users/artemfarniev2013/WebstormProjects/untitled20/car3.mp4
2026-10-01 15:32:37,962 | INFO     | gate_system.camera | Камера восстановлена
2026-10-01 15:32:37,962 | INFO     | gate_system.events | 📷 Камера снова на связи
2026-10-01 15:32:40,362 | WARNING  | gate_system.pipeline | Кадр не получен — переподключение к камере
2026-10-01 15:32:40,362 | WARNING  | gate_system.camera | Переподключение к камере через 1.0 с: /Users/artemfarniev2013/WebstormProjects/untitled20/car3.mp4
2026-10-01 15:32:40,362 | INFO     | gate_system.events | 📷 Камера не отвечает, пытаюсь переподключиться
2026-10-01 15:32:41,387 | INFO     | gate_system.camera | Камера подключена: /Users/artemfarniev2013/WebstormProjects/untitled20/car3.mp4
2026-10-01 15:32:41,387 | INFO     | gate_system.camera | Камера восстановлена
2026-10-01 15:32:41,387 | INFO     | gate_system.events | 📷 Камера снова на связи
2026-10-01 15:32:43,848 | WARNING  | gate_system.pipeline | Кадр не получен — переподключение к камере
2026-10-01 15:32:43,848 | WARNING  | gate_system.camera | Переподключение к камере через 1.0 с: /Users/artemfarniev2013/WebstormProjects/untitled20/car3.mp4
2026-10-01 15:32:43,848 | INFO     | gate_system.events | 📷 Камера не отвечает, пытаюсь переподключиться
2026-10-01 15:32:44,869 | INFO     | gate_system.camera | Камера подключена: /Users/artemfarniev2013/WebstormProjects/untitled20/car3.mp4
2026-10-01 15:32:44,869 | INFO     | gate_system.camera | Камера восстановлена
2026-10-01 15:32:44,870 | INFO     | gate_system.events | 📷 Камера снова на связи
2026-10-01 15:32:47,346 | WARNING  | gate_system.pipeline | Кадр не получен — переподключение к камере
2026-10-01 15:32:47,346 | WARNING  | gate_system.camera | Переподключение к камере через 1.0 с: /Users/artemfarniev2013/WebstormProjects/untitled20/car3.mp4
2026-10-01 15:32:47,346 | INFO     | gate_system.events | 📷 Камера не отвечает, пытаюсь переподключиться
2026-10-01 15:32:48,369 | INFO     | gate_system.camera | Камера подключена: /Users/artemfarniev2013/WebstormProjects/untitled20/car3.mp4
2026-10-01 15:32:48,370 | INFO     | gate_system.camera | Камера восстановлена
2026-10-01 15:32:48,370 | INFO     | gate_system.events | 📷 Камера снова на связи
2026-10-01 15:32:50,752 | WARNING  | gate_system.pipeline | Кадр не получен — переподключение к камере
2026-10-01 15:32:50,752 | WARNING  | gate_system.camera | Переподключение к камере через 1.0 с: /Users/artemfarniev2013/WebstormProjects/untitled20/car3.mp4
2026-10-01 15:32:50,752 | INFO     | gate_system.events | 📷 Камера не отвечает, пытаюсь переподключиться
2026-10-01 15:32:51,773 | INFO     | gate_system.camera | Камера подключена: /Users/artemfarniev2013/WebstormProjects/untitled20/car3.mp4
2026-10-01 15:32:51,773 | INFO     | gate_system.camera | Камера восстановлена
2026-10-01 15:32:51,773 | INFO     | gate_system.events | 📷 Камера снова на связи
2026-10-01 15:32:54,133 | WARNING  | gate_system.pipeline | Кадр не получен — переподключение к камере
2026-10-01 15:32:54,134 | WARNING  | gate_system.camera | Переподключение к камере через 1.0 с: /Users/artemfarniev2013/WebstormProjects/untitled20/car3.mp4
2026-10-01 15:32:54,134 | INFO     | gate_system.events | 📷 Камера не отвечает, пытаюсь переподключиться
2026-10-01 15:32:55,147 | INFO     | gate_system.camera | Камера подключена: /Users/artemfarniev2013/WebstormProjects/untitled20/car3.mp4
2026-10-01 15:32:55,147 | INFO     | gate_system.camera | Камера восстановлена
2026-10-01 15:32:55,147 | INFO     | gate_system.events | 📷 Камера снова на связи
2026-10-01 15:32:57,920 | WARNING  | gate_system.pipeline | Кадр не получен — переподключение к камере
2026-10-01 15:32:57,920 | WARNING  | gate_system.camera | Переподключение к камере через 1.0 с: /Users/artemfarniev2013/WebstormProjects/untitled20/car3.mp4
2026-10-01 15:32:57,920 | INFO     | gate_system.events | 📷 Камера не отвечает, пытаюсь переподключиться
2026-10-01 15:32:58,939 | INFO     | gate_system.camera | Камера подключена: /Users/artemfarniev2013/WebstormProjects/untitled20/car3.mp4
2026-10-01 15:32:58,939 | INFO     | gate_system.camera | Камера восстановлена
2026-10-01 15:32:58,939 | INFO     | gate_system.events | 📷 Камера снова на связи
2026-10-01 15:33:01,322 | WARNING  | gate_system.pipeline | Кадр не получен — переподключение к камере
2026-10-01 15:33:01,322 | WARNING  | gate_system.camera | Переподключение к камере через 1.0 с: /Users/artemfarniev2013/WebstormProjects/untitled20/car3.mp4
2026-10-01 15:33:01,322 | INFO     | gate_system.events | 📷 Камера не отвечает, пытаюсь переподключиться
2026-10-01 15:33:02,358 | INFO     | gate_system.camera | Камера подключена: /Users/artemfarniev2013/WebstormProjects/untitled20/car3.mp4
2026-10-01 15:33:02,358 | INFO     | gate_system.camera | Камера восстановлена
2026-10-01 15:33:02,358 | INFO     | gate_system.events | 📷 Камера снова на связи
2026-10-01 15:33:04,723 | WARNING  | gate_system.pipeline | Кадр не получен — переподключение к камере
2026-10-01 15:33:04,723 | WARNING  | gate_system.camera | Переподключение к камере через 1.0 с: /Users/artemfarniev2013/WebstormProjects/untitled20/car3.mp4
2026-10-01 15:33:04,723 | INFO     | gate_system.events | 📷 Камера не отвечает, пытаюсь переподключиться
2026-10-01 15:33:05,744 | INFO     | gate_system.camera | Камера подключена: /Users/artemfarniev2013/WebstormProjects/untitled20/car3.mp4
2026-10-01 15:33:05,744 | INFO     | gate_system.camera | Камера восстановлена
2026-10-01 15:33:05,744 | INFO     | gate_system.events | 📷 Камера снова на связи
2026-10-01 15:33:08,111 | WARNING  | gate_system.pipeline | Кадр не получен — переподключение к камере
2026-10-01 15:33:08,111 | WARNING  | gate_system.camera | Переподключение к камере через 1.0 с: /Users/artemfarniev2013/WebstormProjects/untitled20/car3.mp4
2026-10-01 15:33:08,111 | INFO     | gate_system.events | 📷 Камера не отвечает, пытаюсь переподключиться
2026-10-01 15:33:09,131 | INFO     | gate_system.camera | Камера подключена: /Users/artemfarniev2013/WebstormProjects/untitled20/car3.mp4
2026-10-01 15:33:09,132 | INFO     | gate_system.camera | Камера восстановлена
2026-10-01 15:33:09,132 | INFO     | gate_system.events | 📷 Камера снова на связи
2026-10-01 15:33:11,514 | WARNING  | gate_system.pipeline | Кадр не получен — переподключение к камере
2026-10-01 15:33:11,514 | WARNING  | gate_system.camera | Переподключение к камере через 1.0 с: /Users/artemfarniev2013/WebstormProjects/untitled20/car3.mp4
2026-10-01 15:33:11,514 | INFO     | gate_system.events | 📷 Камера не отвечает, пытаюсь переподключиться
2026-10-01 15:33:12,530 | INFO     | gate_system.camera | Камера подключена: /Users/artemfarniev2013/WebstormProjects/untitled20/car3.mp4
2026-10-01 15:33:12,530 | INFO     | gate_system.camera | Камера восстановлена
2026-10-01 15:33:12,530 | INFO     | gate_system.events | 📷 Камера снова на связи
2026-10-01 15:33:14,982 | WARNING  | gate_system.pipeline | Кадр не получен — переподключение к камере
2026-10-01 15:33:14,982 | WARNING  | gate_system.camera | Переподключение к камере через 1.0 с: /Users/artemfarniev2013/WebstormProjects/untitled20/car3.mp4
2026-10-01 15:33:14,982 | INFO     | gate_system.events | 📷 Камера не отвечает, пытаюсь переподключиться
2026-10-01 15:33:16,004 | INFO     | gate_system.camera | Камера подключена: /Users/artemfarniev2013/WebstormProjects/untitled20/car3.mp4
2026-10-01 15:33:16,005 | INFO     | gate_system.camera | Камера восстановлена
2026-10-01 15:33:16,005 | INFO     | gate_system.events | 📷 Камера снова на связи
2026-10-01 15:33:18,504 | WARNING  | gate_system.pipeline | Кадр не получен — переподключение к камере
2026-10-01 15:33:18,504 | WARNING  | gate_system.camera | Переподключение к камере через 1.0 с: /Users/artemfarniev2013/WebstormProjects/untitled20/car3.mp4
2026-10-01 15:33:18,504 | INFO     | gate_system.events | 📷 Камера не отвечает, пытаюсь переподключиться
2026-10-01 15:33:19,525 | INFO     | gate_system.camera | Камера подключена: /Users/artemfarniev2013/WebstormProjects/untitled20/car3.mp4
2026-10-01 15:33:19,526 | INFO     | gate_system.camera | Камера восстановлена
2026-10-01 15:33:19,526 | INFO     | gate_system.events | 📷 Камера снова на связи
2026-10-01 15:33:22,010 | WARNING  | gate_system.pipeline | Кадр не получен — переподключение к камере
2026-10-01 15:33:22,010 | WARNING  | gate_system.camera | Переподключение к камере через 1.0 с: /Users/artemfarniev2013/WebstormProjects/untitled20/car3.mp4
2026-10-01 15:33:22,010 | INFO     | gate_system.events | 📷 Камера не отвечает, пытаюсь переподключиться
2026-10-01 15:33:23,023 | INFO     | gate_system.camera | Камера подключена: /Users/artemfarniev2013/WebstormProjects/untitled20/car3.mp4
2026-10-01 15:33:23,023 | INFO     | gate_system.camera | Камера восстановлена
2026-10-01 15:33:23,024 | INFO     | gate_system.events | 📷 Камера снова на связи
2026-10-01 15:33:25,491 | WARNING  | gate_system.pipeline | Кадр не получен — переподключение к камере
2026-10-01 15:33:25,491 | WARNING  | gate_system.camera | Переподключение к камере через 1.0 с: /Users/artemfarniev2013/WebstormProjects/untitled20/car3.mp4
2026-10-01 15:33:25,491 | INFO     | gate_system.events | 📷 Камера не отвечает, пытаюсь переподключиться
2026-10-01 15:33:26,507 | INFO     | gate_system.camera | Камера подключена: /Users/artemfarniev2013/WebstormProjects/untitled20/car3.mp4
2026-10-01 15:33:26,507 | INFO     | gate_system.camera | Камера восстановлена
2026-10-01 15:33:26,507 | INFO     | gate_system.events | 📷 Камера снова на связи
2026-10-01 15:33:28,967 | WARNING  | gate_system.pipeline | Кадр не получен — переподключение к камере
2026-10-01 15:33:28,967 | WARNING  | gate_system.camera | Переподключение к камере через 1.0 с: /Users/artemfarniev2013/WebstormProjects/untitled20/car3.mp4
2026-10-01 15:33:28,967 | INFO     | gate_system.events | 📷 Камера не отвечает, пытаюсь переподключиться
2026-10-01 15:33:29,981 | INFO     | gate_system.camera | Камера подключена: /Users/artemfarniev2013/WebstormProjects/untitled20/car3.mp4
2026-10-01 15:33:29,982 | INFO     | gate_system.camera | Камера восстановлена
2026-10-01 15:33:29,982 | INFO     | gate_system.events | 📷 Камера снова на связи
2026-10-01 15:33:30,713 | INFO     | gate_system.network | NetworkMonitor остановлен
2026-10-01 15:33:30,713 | INFO     | gate_system.main | Сервис 'network' остановлен
2026-10-01 15:33:30,713 | INFO     | gate_system.watchdog | Watchdog остановлен
2026-10-01 15:33:30,713 | INFO     | gate_system.diagnostics | Самодиагностика остановлена
2026-10-01 15:33:30,713 | INFO     | gate_system.main | Сервис 'watchdog' остановлен
2026-10-01 15:33:30,713 | INFO     | gate_system.main | Сервис 'diagnostics' остановлен
2026-10-01 15:33:30,714 | INFO     | gate_system.camera | Камера закрыта
2026-10-01 15:33:30,714 | INFO     | gate_system.pipeline | Пайплайн распознавания остановлен
2026-10-01 15:33:30,714 | INFO     | gate_system.main | Сервис 'vision:camera' остановлен
2026-10-01 15:33:34,050 | INFO     | gate_system.main | Сервис 'telegram' остановлен
2026-10-01 15:33:34,051 | INFO     | gate_system.main | Все сервисы остановлены
2026-10-01 15:33:34,052 | INFO     | gate_system.events | ⏹️ Система остановлена
2026-10-01 15:33:34,052 | INFO     | gate_system.main | gate_system остановлен
2026-10-01 15:35:21,633 | INFO     | gate_system.main | Запуск gate_system (реле=stub, telegram=вкл)
2026-10-01 15:35:21,633 | INFO     | gate_system.events | ▶️ Система запущена
2026-10-01 15:35:21,691 | CRITICAL | root             | Необработанное исключение
Traceback (most recent call last):
  File "/Users/artemfarniev2013/WebstormProjects/untitled20/gate_system/main.py", line 363, in <module>
    main()
    ~~~~^^
  File "/Users/artemfarniev2013/WebstormProjects/untitled20/gate_system/main.py", line 356, in main
    app = build_app(cfg)
  File "/Users/artemfarniev2013/WebstormProjects/untitled20/gate_system/main.py", line 211, in build_app
    from camera import RTSPCamera
  File "/Users/artemfarniev2013/WebstormProjects/untitled20/gate_system/camera.py", line 19, in <module>
    import cv2
ModuleNotFoundError: No module named 'cv2'
2026-10-01 15:37:43,358 | INFO     | gate_system.main | Запуск gate_system (реле=stub, telegram=вкл)
2026-10-01 15:37:43,358 | INFO     | gate_system.events | ▶️ Система запущена
2026-10-01 15:38:01,636 | INFO     | gate_system.detector | Загрузка модели транспорта: models/yolov8n.pt
2026-10-01 15:38:12,766 | INFO     | gate_system.detector | Загрузка модели номеров: models/best.pt
2026-10-01 15:38:12,786 | INFO     | gate_system.ocr  | Движок OCR: Nomeroff-Net
2026-10-01 15:38:12,797 | INFO     | gate_system.main | Камера 'camera' (роль=entry, движение=False): /Users/artemfarniev2013/WebstormProjects/untitled20/car3.mp4
2026-10-01 15:38:12,797 | INFO     | gate_system.main | Сервис 'vision:camera' запущен
2026-10-01 15:38:12,797 | INFO     | gate_system.main | Сервис 'network' запущен
2026-10-01 15:38:12,797 | INFO     | gate_system.main | Сервис 'diagnostics' запущен
2026-10-01 15:38:12,797 | INFO     | gate_system.network | NetworkMonitor запущен (интервал 10 с)
2026-10-01 15:38:12,797 | INFO     | gate_system.main | Сервис 'watchdog' запущен
2026-10-01 15:38:12,797 | INFO     | gate_system.main | Сервис 'telegram' запущен
2026-10-01 15:38:12,798 | INFO     | gate_system.diagnostics | Самодиагностика запущена (интервал 60 с)
2026-10-01 15:38:12,798 | INFO     | gate_system.main | Запущены сервисы: vision:camera, network, diagnostics, watchdog, telegram
2026-10-01 15:38:12,798 | INFO     | gate_system.watchdog | Watchdog запущен (таймаут 120 с)
2026-10-01 15:38:12,798 | INFO     | gate_system.network | Интернет доступен
2026-10-01 15:38:12,799 | INFO     | gate_system.events | 🌐 Интернет появился
2026-10-01 15:38:13,070 | INFO     | gate_system.camera | Камера подключена: /Users/artemfarniev2013/WebstormProjects/untitled20/car3.mp4
2026-10-01 15:38:13,243 | INFO     | gate_system.pipeline | Пайплайн распознавания запущен
2026-10-01 15:38:13,260 | WARNING  | gate_system.diagnostics | Диагностика: камера не отвечает
2026-10-01 15:38:14,035 | INFO     | gate_system.telegram | Telegram-бот запущен
2026-10-01 15:38:15,873 | INFO     | gate_system.pipeline | Обнаружен номер — активный режим (частая обработка)
2026-10-01 15:38:36,174 | ERROR    | gate_system.ocr.nomeroff | Не удалось загрузить Nomeroff-Net (проверьте загрузку моделей)
2026-10-01 15:38:36,174 | ERROR    | gate_system.ocr.nomeroff | Ошибка Nomeroff-Net при распознавании
Traceback (most recent call last):
  File "/Users/artemfarniev2013/WebstormProjects/untitled20/gate_system/nomeroff_ocr.py", line 199, in read_text
    candidates = self._recognizer(plate_image)
  File "/Users/artemfarniev2013/WebstormProjects/untitled20/gate_system/nomeroff_ocr.py", line 151, in __call__
    self._ensure_loaded()
    ~~~~~~~~~~~~~~~~~~~^^
  File "/Users/artemfarniev2013/WebstormProjects/untitled20/gate_system/nomeroff_ocr.py", line 133, in _ensure_loaded
    from nomeroff_net import pipeline  # тяжёлый импорт
    ^^^^^^^^^^^^^^^^^^^^^^^^^^^^^^^^^
  File "/Users/artemfarniev2013/WebstormProjects/untitled20/.venv/lib/python3.13/site-packages/nomeroff_net/__init__.py", line 1, in <module>
    from nomeroff_net.pipes.number_plate_text_readers.text_detector import TextDetector
  File "/Users/artemfarniev2013/WebstormProjects/untitled20/.venv/lib/python3.13/site-packages/nomeroff_net/pipes/number_plate_text_readers/text_detector.py", line 7, in <module>
    from .base.ocr import OCR, device_torch
  File "/Users/artemfarniev2013/WebstormProjects/untitled20/.venv/lib/python3.13/site-packages/nomeroff_net/pipes/number_plate_text_readers/base/ocr.py", line 10, in <module>
    import pytorch_lightning as pl
  File "/Users/artemfarniev2013/WebstormProjects/untitled20/.venv/lib/python3.13/site-packages/pytorch_lightning/__init__.py", line 45, in <module>
    __import__("pkg_resources").declare_namespace(__name__)
    ~~~~~~~~~~^^^^^^^^^^^^^^^^^
ModuleNotFoundError: No module named 'pkg_resources'
2026-10-01 15:38:38,182 | WARNING  | gate_system.pipeline | Кадр не получен — переподключение к камере
2026-10-01 15:38:38,182 | WARNING  | gate_system.camera | Переподключение к камере через 1.0 с: /Users/artemfarniev2013/WebstormProjects/untitled20/car3.mp4
2026-10-01 15:38:38,182 | INFO     | gate_system.events | 📷 Камера не отвечает, пытаюсь переподключиться
2026-10-01 15:38:39,203 | INFO     | gate_system.camera | Камера подключена: /Users/artemfarniev2013/WebstormProjects/untitled20/car3.mp4
2026-10-01 15:38:39,203 | INFO     | gate_system.camera | Камера восстановлена
2026-10-01 15:38:39,203 | INFO     | gate_system.events | 📷 Камера снова на связи
2026-10-01 15:38:41,474 | WARNING  | gate_system.pipeline | Кадр не получен — переподключение к камере
2026-10-01 15:38:41,474 | WARNING  | gate_system.camera | Переподключение к камере через 1.0 с: /Users/artemfarniev2013/WebstormProjects/untitled20/car3.mp4
2026-10-01 15:38:41,475 | INFO     | gate_system.events | 📷 Камера не отвечает, пытаюсь переподключиться
2026-10-01 15:38:42,493 | INFO     | gate_system.camera | Камера подключена: /Users/artemfarniev2013/WebstormProjects/untitled20/car3.mp4
2026-10-01 15:38:42,493 | INFO     | gate_system.camera | Камера восстановлена
2026-10-01 15:38:42,493 | INFO     | gate_system.events | 📷 Камера снова на связи
2026-10-01 15:38:44,840 | WARNING  | gate_system.pipeline | Кадр не получен — переподключение к камере
2026-10-01 15:38:44,840 | WARNING  | gate_system.camera | Переподключение к камере через 1.0 с: /Users/artemfarniev2013/WebstormProjects/untitled20/car3.mp4
2026-10-01 15:38:44,840 | INFO     | gate_system.events | 📷 Камера не отвечает, пытаюсь переподключиться
2026-10-01 15:38:45,858 | INFO     | gate_system.camera | Камера подключена: /Users/artemfarniev2013/WebstormProjects/untitled20/car3.mp4
2026-10-01 15:38:45,858 | INFO     | gate_system.camera | Камера восстановлена
2026-10-01 15:38:45,858 | INFO     | gate_system.events | 📷 Камера снова на связи
2026-10-01 15:38:48,241 | WARNING  | gate_system.pipeline | Кадр не получен — переподключение к камере
2026-10-01 15:38:48,241 | WARNING  | gate_system.camera | Переподключение к камере через 1.0 с: /Users/artemfarniev2013/WebstormProjects/untitled20/car3.mp4
2026-10-01 15:38:48,241 | INFO     | gate_system.events | 📷 Камера не отвечает, пытаюсь переподключиться
2026-10-01 15:38:49,258 | INFO     | gate_system.camera | Камера подключена: /Users/artemfarniev2013/WebstormProjects/untitled20/car3.mp4
2026-10-01 15:38:49,258 | INFO     | gate_system.camera | Камера восстановлена
2026-10-01 15:38:49,258 | INFO     | gate_system.events | 📷 Камера снова на связи
2026-10-01 15:38:51,622 | WARNING  | gate_system.pipeline | Кадр не получен — переподключение к камере
2026-10-01 15:38:51,623 | WARNING  | gate_system.camera | Переподключение к камере через 1.0 с: /Users/artemfarniev2013/WebstormProjects/untitled20/car3.mp4
2026-10-01 15:38:51,623 | INFO     | gate_system.events | 📷 Камера не отвечает, пытаюсь переподключиться
2026-10-01 15:38:52,401 | INFO     | gate_system.network | NetworkMonitor остановлен
2026-10-01 15:38:52,401 | INFO     | gate_system.watchdog | Watchdog остановлен
2026-10-01 15:38:52,401 | INFO     | gate_system.diagnostics | Самодиагностика остановлена
2026-10-01 15:38:52,401 | INFO     | gate_system.main | Сервис 'network' остановлен
2026-10-01 15:38:52,402 | INFO     | gate_system.main | Сервис 'watchdog' остановлен
2026-10-01 15:38:52,402 | INFO     | gate_system.main | Сервис 'diagnostics' остановлен
2026-10-01 15:38:52,644 | INFO     | gate_system.camera | Камера подключена: /Users/artemfarniev2013/WebstormProjects/untitled20/car3.mp4
2026-10-01 15:38:52,645 | INFO     | gate_system.camera | Камера восстановлена
2026-10-01 15:38:52,645 | INFO     | gate_system.events | 📷 Камера снова на связи
2026-10-01 15:38:52,646 | INFO     | gate_system.camera | Камера закрыта
2026-10-01 15:38:52,646 | INFO     | gate_system.pipeline | Пайплайн распознавания остановлен
2026-10-01 15:38:52,646 | INFO     | gate_system.main | Сервис 'vision:camera' остановлен
2026-10-01 15:38:52,744 | INFO     | gate_system.main | Сервис 'telegram' остановлен
2026-10-01 15:38:52,745 | INFO     | gate_system.main | Все сервисы остановлены
2026-10-01 15:38:52,745 | INFO     | gate_system.events | ⏹️ Система остановлена
2026-10-01 15:38:52,745 | INFO     | gate_system.main | gate_system остановлен
2026-10-02 16:57:44,933 | INFO     | gate_system.main | Запуск gate_system (реле=stub, telegram=вкл)
2026-10-02 16:57:44,934 | INFO     | gate_system.events | ▶️ Система запущена
2026-10-02 16:57:46,498 | INFO     | gate_system.detector | Загрузка модели транспорта: models/yolov8n.pt
2026-10-02 16:57:50,651 | INFO     | gate_system.detector | Загрузка модели номеров: models/best.pt
2026-10-02 16:57:50,671 | INFO     | gate_system.ocr  | Движок OCR: Nomeroff-Net
2026-10-02 16:57:50,675 | INFO     | gate_system.main | Камера 'camera' (роль=entry, движение=False): /Users/artemfarniev2013/WebstormProjects/untitled20/car3.mp4
2026-10-02 16:57:50,675 | INFO     | gate_system.main | Сервис 'vision:camera' запущен
2026-10-02 16:57:50,675 | INFO     | gate_system.main | Сервис 'network' запущен
2026-10-02 16:57:50,675 | INFO     | gate_system.main | Сервис 'diagnostics' запущен
2026-10-02 16:57:50,675 | INFO     | gate_system.main | Сервис 'watchdog' запущен
2026-10-02 16:57:50,675 | INFO     | gate_system.main | Сервис 'telegram' запущен
2026-10-02 16:57:50,675 | INFO     | gate_system.main | Запущены сервисы: vision:camera, network, diagnostics, watchdog, telegram
2026-10-02 16:57:50,675 | INFO     | gate_system.network | NetworkMonitor запущен (интервал 10 с)
2026-10-02 16:57:50,675 | INFO     | gate_system.diagnostics | Самодиагностика запущена (интервал 60 с)
2026-10-02 16:57:50,675 | INFO     | gate_system.watchdog | Watchdog запущен (таймаут 120 с)
2026-10-02 16:57:50,676 | INFO     | gate_system.network | Интернет доступен
2026-10-02 16:57:50,676 | INFO     | gate_system.events | 🌐 Интернет появился
2026-10-02 16:57:50,700 | INFO     | gate_system.camera | Камера подключена: /Users/artemfarniev2013/WebstormProjects/untitled20/car3.mp4
2026-10-02 16:57:50,711 | INFO     | gate_system.pipeline | Пайплайн распознавания запущен
2026-10-02 16:57:50,716 | WARNING  | gate_system.diagnostics | Диагностика: камера не отвечает
2026-10-02 16:57:50,991 | INFO     | gate_system.telegram | Telegram-бот запущен
2026-10-02 16:57:51,670 | INFO     | gate_system.pipeline | Обнаружен номер — активный режим (частая обработка)
2026-10-02 16:57:54,564 | INFO     | gate_system.ocr.nomeroff | Загрузчик моделей Nomeroff заменён на устойчивый (с докачкой)
2026-10-02 16:57:54,564 | INFO     | gate_system.ocr.nomeroff | Загрузка пайплайна Nomeroff-Net: number_plate_detection_and_reading
2026-10-02 16:58:14,912 | INFO     | gate_system.pipeline | Номер собран по кадрам: Х002МС177
2026-10-02 16:58:14,919 | INFO     | gate_system.gate | Открытие ворот. Источник: auto
2026-10-02 16:58:14,919 | INFO     | gate_system.relay | StubRelay: импульс 500 мс (замыкание контактов)
2026-10-02 16:58:15,424 | INFO     | gate_system.gate | Ворота открыты (источник=auto)
2026-10-02 16:58:15,435 | INFO     | gate_system.events | 🚗 Ворота открыты — Х002МС177
2026-10-02 16:58:21,389 | INFO     | gate_system.network | NetworkMonitor остановлен
2026-10-02 16:58:21,389 | INFO     | gate_system.diagnostics | Самодиагностика остановлена
2026-10-02 16:58:21,389 | INFO     | gate_system.watchdog | Watchdog остановлен
2026-10-02 16:58:21,390 | INFO     | gate_system.main | Сервис 'network' остановлен
2026-10-02 16:58:21,390 | INFO     | gate_system.main | Сервис 'diagnostics' остановлен
2026-10-02 16:58:21,390 | INFO     | gate_system.main | Сервис 'watchdog' остановлен
2026-10-02 16:58:21,666 | INFO     | gate_system.main | Сервис 'telegram' остановлен
2026-10-02 16:58:22,460 | INFO     | gate_system.camera | Камера закрыта
2026-10-02 16:58:22,460 | INFO     | gate_system.pipeline | Пайплайн распознавания остановлен
2026-10-02 16:58:22,460 | INFO     | gate_system.main | Сервис 'vision:camera' остановлен
2026-10-02 16:58:22,460 | INFO     | gate_system.main | Все сервисы остановлены
2026-10-02 16:58:22,460 | INFO     | gate_system.events | ⏹️ Система остановлена
2026-10-02 16:58:22,461 | INFO     | gate_system.main | gate_system остановлен
